{"coverage": 50.23696682464455, "raw_data": {"meta": {"format": 3, "version": "7.12.0", "timestamp": "2025-12-11T09:08:14.669436", "branch_coverage": true, "show_contexts": false}, "files": {"PackLab/results.py": {"executed_lines": [1, 2, 3, 4, 5, 7, 8, 9, 13, 14, 19, 20, 22, 23, 32, 34, 35, 44, 46, 47, 56, 58, 59, 68, 70, 71, 73, 74, 75, 77, 78, 79, 82, 83, 125, 126, 150, 151, 166, 168, 169, 171, 173, 176, 177, 179, 180, 181, 182, 186, 187, 189, 190, 191, 192, 202, 203, 208, 210, 211, 212, 213, 214, 215, 220, 221, 231, 233, 235, 236, 262, 271, 273, 275, 276, 277, 282, 284, 285], "summary": {"covered_lines": 78, "num_statements": 135, "percent_covered": 52.79503105590062, "percent_covered_display": "52.80", "missing_lines": 57, "excluded_lines": 0, "percent_statements_covered": 57.77777777777778, "percent_statements_covered_display": "57.78", "num_branches": 26, "num_partial_branches": 5, "covered_branches": 7, "missing_branches": 19, "percent_branches_covered": 26.923076923076923, "percent_branches_covered_display": "26.92"}, "missing_lines": [97, 98, 100, 101, 103, 105, 107, 114, 115, 116, 117, 118, 119, 120, 123, 139, 141, 143, 144, 145, 146, 148, 172, 174, 184, 193, 194, 195, 196, 198, 199, 200, 204, 205, 206, 318, 324, 325, 326, 329, 338, 339, 342, 343, 345, 346, 347, 348, 350, 358, 359, 360, 361, 364, 366, 372, 374], "excluded_lines": [], "executed_branches": [[171, 173], [173, 176], [180, 181], [189, 190], [203, 208], [220, 221], [220, 231]], "missing_branches": [[100, 101], [100, 103], [171, 172], [173, 174], [180, 184], [189, 193], [193, 194], [193, 198], [203, 204], [338, 339], [338, 342], [345, 346], [345, 366], [346, 345], [346, 347], [358, 359], [358, 360], [360, 361], [360, 364]], "functions": {"Result.__init__": {"executed_lines": [20], "summary": {"covered_lines": 1, "num_statements": 1, "percent_covered": 100.0, "percent_covered_display": "100.00", "missing_lines": 0, "excluded_lines": 0, "percent_statements_covered": 100.0, "percent_statements_covered_display": "100.00", "num_branches": 0, "num_partial_branches": 0, "covered_branches": 0, "missing_branches": 0, "percent_branches_covered": 100.0, "percent_branches_covered_display": "100.00"}, "missing_lines": [], "excluded_lines": [], "executed_branches": [], "missing_branches": []}, "Result.positions": {"executed_lines": [32], "summary": {"covered_lines": 1, "num_statements": 1, "percent_covered": 100.0, "percent_covered_display": "100.00", "missing_lines": 0, "excluded_lines": 0, "percent_statements_covered": 100.0, "percent_statements_covered_display": "100.00", "num_branches": 0, "num_partial_branches": 0, "covered_branches": 0, "missing_branches": 0, "percent_branches_covered": 100.0, "percent_branches_covered_display": "100.00"}, "missing_lines": [], "excluded_lines": [], "executed_branches": [], "missing_branches": []}, "Result.radii": {"executed_lines": [44], "summary": {"covered_lines": 1, "num_statements": 1, "percent_covered": 100.0, "percent_covered_display": "100.00", "missing_lines": 0, "excluded_lines": 0, "percent_statements_covered": 100.0, "percent_statements_covered_display": "100.00", "num_branches": 0, "num_partial_branches": 0, "covered_branches": 0, "missing_branches": 0, "percent_branches_covered": 100.0, "percent_branches_covered_display": "100.00"}, "missing_lines": [], "excluded_lines": [], "executed_branches": [], "missing_branches": []}, "Result.domain": {"executed_lines": [56], "summary": {"covered_lines": 1, "num_statements": 1, "percent_covered": 100.0, "percent_covered_display": "100.00", "missing_lines": 0, "excluded_lines": 0, "percent_statements_covered": 100.0, "percent_statements_covered_display": "100.00", "num_branches": 0, "num_partial_branches": 0, "covered_branches": 0, "missing_branches": 0, "percent_branches_covered": 100.0, "percent_branches_covered_display": "100.00"}, "missing_lines": [], "excluded_lines": [], "executed_branches": [], "missing_branches": []}, "Result.statistics": {"executed_lines": [68], "summary": {"covered_lines": 1, "num_statements": 1, "percent_covered": 100.0, "percent_covered_display": "100.00", "missing_lines": 0, "excluded_lines": 0, "percent_statements_covered": 100.0, "percent_statements_covered_display": "100.00", "num_branches": 0, "num_partial_branches": 0, "covered_branches": 0, "missing_branches": 0, "percent_branches_covered": 100.0, "percent_branches_covered_display": "100.00"}, "missing_lines": [], "excluded_lines": [], "executed_branches": [], "missing_branches": []}, "Result.compute_pair_correlation_function": {"executed_lines": [71], "summary": {"covered_lines": 1, "num_statements": 1, "percent_covered": 100.0, "percent_covered_display": "100.00", "missing_lines": 0, "excluded_lines": 0, "percent_statements_covered": 100.0, "percent_statements_covered_display": "100.00", "num_branches": 0, "num_partial_branches": 0, "covered_branches": 0, "missing_branches": 0, "percent_branches_covered": 100.0, "percent_branches_covered_display": "100.00"}, "missing_lines": [], "excluded_lines": [], "executed_branches": [], "missing_branches": []}, "Result.pair_correlation_centers": {"executed_lines": [75], "summary": {"covered_lines": 1, "num_statements": 1, "percent_covered": 100.0, "percent_covered_display": "100.00", "missing_lines": 0, "excluded_lines": 0, "percent_statements_covered": 100.0, "percent_statements_covered_display": "100.00", "num_branches": 0, "num_partial_branches": 0, "covered_branches": 0, "missing_branches": 0, "percent_branches_covered": 100.0, "percent_branches_covered_display": "100.00"}, "missing_lines": [], "excluded_lines": [], "executed_branches": [], "missing_branches": []}, "Result.pair_correlation_values": {"executed_lines": [79], "summary": {"covered_lines": 1, "num_statements": 1, "percent_covered": 100.0, "percent_covered_display": "100.00", "missing_lines": 0, "excluded_lines": 0, "percent_statements_covered": 100.0, "percent_statements_covered_display": "100.00", "num_branches": 0, "num_partial_branches": 0, "covered_branches": 0, "missing_branches": 0, "percent_branches_covered": 100.0, "percent_branches_covered_display": "100.00"}, "missing_lines": [], "excluded_lines": [], "executed_branches": [], "missing_branches": []}, "Result.plot_centers_3d": {"executed_lines": [], "summary": {"covered_lines": 0, "num_statements": 15, "percent_covered": 0.0, "percent_covered_display": "0.00", "missing_lines": 15, "excluded_lines": 0, "percent_statements_covered": 0.0, "percent_statements_covered_display": "0.00", "num_branches": 2, "num_partial_branches": 0, "covered_branches": 0, "missing_branches": 2, "percent_branches_covered": 0.0, "percent_branches_covered_display": "0.00"}, "missing_lines": [97, 98, 100, 101, 103, 105, 107, 114, 115, 116, 117, 118, 119, 120, 123], "excluded_lines": [], "executed_branches": [], "missing_branches": [[100, 101], [100, 103]]}, "Result.plot_radius_distribution": {"executed_lines": [], "summary": {"covered_lines": 0, "num_statements": 7, "percent_covered": 0.0, "percent_covered_display": "0.00", "missing_lines": 7, "excluded_lines": 0, "percent_statements_covered": 0.0, "percent_statements_covered_display": "0.00", "num_branches": 0, "num_partial_branches": 0, "covered_branches": 0, "missing_branches": 0, "percent_branches_covered": 100.0, "percent_branches_covered_display": "100.00"}, "missing_lines": [139, 141, 143, 144, 145, 146, 148], "excluded_lines": [], "executed_branches": [], "missing_branches": []}, "Result.plot_slice_2d": {"executed_lines": [166, 168, 169, 171, 173, 176, 177, 179, 180, 181, 182, 186, 187, 189, 190, 191, 192, 202, 203, 208, 210, 211, 212, 213, 214, 215, 220, 221, 231, 233], "summary": {"covered_lines": 30, "num_statements": 43, "percent_covered": 64.91228070175438, "percent_covered_display": "64.91", "missing_lines": 13, "excluded_lines": 0, "percent_statements_covered": 69.76744186046511, "percent_statements_covered_display": "69.77", "num_branches": 14, "num_partial_branches": 5, "covered_branches": 7,