{"coverage": 18.128654970760234, "raw_data": {"meta": {"format": 3, "version": "7.12.0", "timestamp": "2025-11-29T14:22:47.431731", "branch_coverage": true, "show_contexts": false}, "files": {"PackLab/results.py": {"executed_lines": [1, 2, 3, 4, 5, 7, 8, 9, 13, 14, 19, 52, 53, 95, 96, 120, 121, 205, 206], "summary": {"covered_lines": 18, "num_statements": 99, "percent_covered": 14.87603305785124, "percent_covered_display": "14.88", "missing_lines": 81, "excluded_lines": 0, "percent_statements_covered": 18.181818181818183, "percent_statements_covered_display": "18.18", "num_branches": 22, "num_partial_branches": 0, "covered_branches": 0, "missing_branches": 22, "percent_branches_covered": 0.0, "percent_branches_covered_display": "0.00"}, "missing_lines": [34, 40, 41, 42, 43, 44, 45, 48, 50, 67, 68, 70, 71, 73, 75, 77, 84, 85, 86, 87, 88, 89, 90, 93, 109, 111, 113, 114, 115, 116, 118, 136, 138, 139, 141, 142, 143, 144, 146, 147, 149, 150, 151, 152, 154, 156, 157, 159, 160, 161, 162, 163, 164, 165, 166, 168, 169, 170, 172, 173, 174, 175, 176, 178, 180, 181, 182, 183, 184, 185, 190, 191, 201, 203, 227, 233, 235, 237, 238, 239, 244], "excluded_lines": [], "executed_branches": [], "missing_branches": [[40, 41], [40, 42], [42, 43], [42, 44], [44, 45], [44, 48], [70, 71], [70, 73], [141, 142], [141, 143], [143, 144], [143, 146], [150, 151], [150, 154], [159, 160], [159, 163], [163, 164], [163, 168], [173, 174], [173, 178], [190, 191], [190, 201]], "functions": {"Result.__init__": {"executed_lines": [], "summary": {"covered_lines": 0, "num_statements": 9, "percent_covered": 0.0, "percent_covered_display": "0.00", "missing_lines": 9, "excluded_lines": 0, "percent_statements_covered": 0.0, "percent_statements_covered_display": "0.00", "num_branches": 6, "num_partial_branches": 0, "covered_branches": 0, "missing_branches": 6, "percent_branches_covered": 0.0, "percent_branches_covered_display": "0.00"}, "missing_lines": [34, 40, 41, 42, 43, 44, 45, 48, 50], "excluded_lines": [], "executed_branches": [], "missing_branches": [[40, 41], [40, 42], [42, 43], [42, 44], [44, 45], [44, 48]]}, "Result.plot_centers_3d": {"executed_lines": [], "summary": {"covered_lines": 0, "num_statements": 15, "percent_covered": 0.0, "percent_covered_display": "0.00", "missing_lines": 15, "excluded_lines": 0, "percent_statements_covered": 0.0, "percent_statements_covered_display": "0.00", "num_branches": 2, "num_partial_branches": 0, "covered_branches": 0, "missing_branches": 2, "percent_branches_covered": 0.0, "percent_branches_covered_display": "0.00"}, "missing_lines": [67, 68, 70, 71, 73, 75, 77, 84, 85, 86, 87, 88, 89, 90, 93], "excluded_lines": [], "executed_branches": [], "missing_branches": [[70, 71], [70, 73]]}, "Result.plot_radius_distribution": {"executed_lines": [], "summary": {"covered_lines": 0, "num_statements": 7, "percent_covered": 0.0, "percent_covered_display": "0.00", "missing_lines": 7, "excluded_lines": 0, "percent_statements_covered": 0.0, "percent_statements_covered_display": "0.00", "num_branches": 0, "num_partial_branches": 0, "covered_branches": 0, "missing_branches": 0, "percent_branches_covered": 100.0, "percent_branches_covered_display": "100.00"}, "missing_lines": [109, 111, 113, 114, 115, 116, 118], "excluded_lines": [], "executed_branches": [], "missing_branches": []}, "Result.plot_slice_2d": {"executed_lines": [], "summary": {"covered_lines": 0, "num_statements": 43, "percent_covered": 0.0, "percent_covered_display": "0.00", "missing_lines": 43, "excluded_lines": 0, "percent_statements_covered": 0.0, "percent_statements_covered_display": "0.00", "num_branches": 14, "num_partial_branches": 0, "covered_branches": 0, "missing_branches": 14, "percent_branches_covered": 0.0, "percent_branches_covered_display": "0.00"}, "missing_lines": [136, 138, 139, 141, 142, 143, 144, 146, 147, 149, 150, 151, 152, 154, 156, 157, 159, 160, 161, 162, 163, 164, 165, 166, 168, 169, 170, 172, 173, 174, 175, 176, 178, 180, 181, 182, 183, 184, 185, 190, 191, 201, 203], "excluded_lines": [], "executed_branches": [], "missing_branches": [[141, 142], [141, 143], [143, 144], [143, 146], [150, 151], [150, 154], [159, 160], [159, 163], [163, 164], [163, 168], [173, 174], [173, 178], [190, 191], [190, 201]]}, "Result.plot_pair_correlation": {"executed_lines": [], "summary": {"covered_lines": 0, "num_statements": 7, "percent_covered": 0.0, "percent_covered_display": "0.00", "missing_lines": 7, "excluded_lines": 0, "percent_statements_covered": 0.0, "percent_statements_covered_display": "0.00", "num_branches": 0, "num_partial_branches": 0, "covered_branches": 0, "missing_branches": 0, "percent_branches_covered": 100.0, "percent_branches_covered_display": "100.00"}, "missing_lines": [227, 233, 235, 237, 238, 239, 244], "excluded_lines": [], "executed_branches": [], "missing_branches": []}, "": {"executed_lines": [1, 2, 3, 4, 5, 7, 8, 9, 13, 14, 19, 52, 53, 95, 96, 120, 121, 205, 206], "summary": {"covered_lines": 18, "num_statements": 18, "percent_covered": 100.0, "percent_covered_display": "100.00", "missing_lines": 0, "excluded_lines": 0, "percent_statements_covered": 100.0, "percent_statements_covered_display": "100.00", "num_branches": 0, "num_partial_branches": 0, "covered_branches": 0, "missing_branches": 0, "percent_branches_covered": 100.0, "percent_branches_covered_display": "100.00"}, "missing_lines": [], "excluded_lines": [], "executed_branches": [], "missing_branches": []}}, "classes": {"Result": {"executed_lines": [], "summary": {"covered_lines": 0, "num_statements": 81, "percent_covered": 0.0, "percent_covered_display": "0.00", "missing_lines": 81, "excluded_lines": 0, "percent_statements_covered": 0.0, "percent_statements_covered_display": "0.00", "num_branches": 22, "num_partial_branches": 0, "covered_branches": 0, "missing_branches": 22, "percent_branches_covered": 0.0, "percent_branches_covered_display": "0.00"}, "missing_lines": [34, 40, 41, 42, 43, 44, 45, 48, 50, 67, 68, 70, 71, 73, 75, 77, 84, 85, 86, 87, 88, 89, 90, 93, 109, 111, 113, 114, 115, 116, 118, 136, 138, 139, 141, 142, 143, 144, 146, 147, 149, 150, 151, 152, 154, 156, 157, 159, 160, 161, 162, 163, 164, 165, 166, 168, 169, 170, 172, 173, 174, 175, 176, 178, 180, 181, 182, 183, 184, 185, 190, 191, 201, 203, 227, 233, 235, 237, 238, 239, 244], "excluded_lines": [], "executed_branches": [], "missing_branches": [[40, 41], [40, 42], [42, 43], [42, 44], [44, 45], [44, 48], [70, 71], [70, 73], [141, 142], [141, 143], [143, 144], [143, 146], [150, 151], [150, 154], [159, 160], [159, 163], [163, 164], [163, 168], [173, 174], [173, 178], [190, 191], [190, 201]]}, "": {"executed_lines": [1, 2, 3, 4, 5, 7, 8, 9, 13, 14, 19, 52, 53, 95, 96, 120, 121, 205, 206], "summary": {"covered_lines": 18, "num_statements": 18, "percent_covered": 100.0, "percent_covered_display": "100.00", "missing_lines": 0, "excluded_lines": 0, "percent_statements_covered": 100.0, "percent_statements_covered_display": "100.00", "num_branches": 0, "num_partial_branches": 0, "covered_branches": 0, "missing_branches": 0, "percent_branches_covered": 100.0, "percent_branches_covered_display": "100.00"}, "missing_lines": [], "excluded_lines": [], "executed_branches": [], "missing_branches": []}}}, "PackLab/simulator.py": {"executed_lines": [1, 2, 3, 5, 7, 8, 15, 25], "summary": {"covered_lines": 7, "num_statements": 14, "percent_covered": 50.0, "percent_covered_display": "50.00", "missing_lines": 7, "excluded_lines": 0, "percent_statements_covered": 50.0, "percent_statements_covered_display": "50.00", "num_branches": 0, "num_partial_branches": 0, "covered_branches": 0, "missing_branches": 0, "percent_branches_covered": 100.0, "percent_branches_covered_display": "100.00"}, "missing_lines": [16, 17, 19, 34, 36, 37, 39], "excluded_lines": [], "executed_branches": [], "missing_branches": [], "functions": {"Simulator.__init__": {"executed_lines": [], "summary": {"covered_lines": 0, "num_statements": 3, "percent_covered": 0.0,