{"coverage": 51.53061224489796, "raw_data": {"meta": {"format": 3, "version": "7.12.0", "timestamp": "2025-12-05T12:32:19.201337", "branch_coverage": true, "show_contexts": false}, "files": {"PackLab/results.py": {"executed_lines": [1, 2, 3, 4, 5, 7, 8, 9, 13, 14, 19, 34, 40, 42, 44, 48, 50, 52, 53, 95, 96, 120, 121, 136, 138, 139, 141, 143, 146, 147, 149, 150, 151, 152, 156, 157, 159, 160, 161, 162, 172, 173, 178, 180, 181, 182, 183, 184, 185, 190, 191, 201, 203, 205, 206, 250, 251, 289, 301, 307, 308, 309, 311, 313, 315, 320, 321, 322, 327], "summary": {"covered_lines": 68, "num_statements": 120, "percent_covered": 54.794520547945204, "percent_covered_display": "54.79", "missing_lines": 52, "excluded_lines": 0, "percent_statements_covered": 56.666666666666664, "percent_statements_covered_display": "56.67", "num_branches": 26, "num_partial_branches": 10, "covered_branches": 12, "missing_branches": 14, "percent_branches_covered": 46.15384615384615, "percent_branches_covered_display": "46.15"}, "missing_lines": [41, 43, 45, 67, 68, 70, 71, 73, 75, 77, 84, 85, 86, 87, 88, 89, 90, 93, 109, 111, 113, 114, 115, 116, 118, 142, 144, 154, 163, 164, 165, 166, 168, 169, 170, 174, 175, 176, 230, 237, 239, 241, 242, 243, 248, 290, 297, 298, 299, 316, 317, 318], "excluded_lines": [], "executed_branches": [[40, 42], [42, 44], [44, 48], [141, 143], [143, 146], [150, 151], [159, 160], [173, 178], [190, 191], [190, 201], [289, 301], [315, 320]], "missing_branches": [[40, 41], [42, 43], [44, 45], [70, 71], [70, 73], [141, 142], [143, 144], [150, 154], [159, 163], [163, 164], [163, 168], [173, 174], [289, 290], [315, 316]], "functions": {"Result.__init__": {"executed_lines": [34, 40, 42, 44, 48, 50], "summary": {"covered_lines": 6, "num_statements": 9, "percent_covered": 60.0, "percent_covered_display": "60.00", "missing_lines": 3, "excluded_lines": 0, "percent_statements_covered": 66.66666666666667, "percent_statements_covered_display": "66.67", "num_branches": 6, "num_partial_branches": 3, "covered_branches": 3, "missing_branches": 3, "percent_branches_covered": 50.0, "percent_branches_covered_display": "50.00"}, "missing_lines": [41, 43, 45], "excluded_lines": [], "executed_branches": [[40, 42], [42, 44], [44, 48]], "missing_branches": [[40, 41], [42, 43], [44, 45]]}, "Result.plot_centers_3d": {"executed_lines": [], "summary": {"covered_lines": 0, "num_statements": 15, "percent_covered": 0.0, "percent_covered_display": "0.00", "missing_lines": 15, "excluded_lines": 0, "percent_statements_covered": 0.0, "percent_statements_covered_display": "0.00", "num_branches": 2, "num_partial_branches": 0, "covered_branches": 0, "missing_branches": 2, "percent_branches_covered": 0.0, "percent_branches_covered_display": "0.00"}, "missing_lines": [67, 68, 70, 71, 73, 75, 77, 84, 85, 86, 87, 88, 89, 90, 93], "excluded_lines": [], "executed_branches": [], "missing_branches": [[70, 71], [70, 73]]}, "Result.plot_radius_distribution": {"executed_lines": [], "summary": {"covered_lines": 0, "num_statements": 7, "percent_covered": 0.0, "percent_covered_display": "0.00", "missing_lines": 7, "excluded_lines": 0, "percent_statements_covered": 0.0, "percent_statements_covered_display": "0.00", "num_branches": 0, "num_partial_branches": 0, "covered_branches": 0, "missing_branches": 0, "percent_branches_covered": 100.0, "percent_branches_covered_display": "100.00"}, "missing_lines": [109, 111, 113, 114, 115, 116, 118], "excluded_lines": [], "executed_branches": [], "missing_branches": []}, "Result.plot_slice_2d": {"executed_lines": [136, 138, 139, 141, 143, 146, 147, 149, 150, 151, 152, 156, 157, 159, 160, 161, 162, 172, 173, 178, 180, 181, 182, 183, 184, 185, 190, 191, 201, 203], "summary": {"covered_lines": 30, "num_statements": 43, "percent_covered": 64.91228070175438, "percent_covered_display": "64.91", "missing_lines": 13, "excluded_lines": 0, "percent_statements_covered": 69.76744186046511, "percent_statements_covered_display": "69.77", "num_branches": 14, "num_partial_branches": 5, "covered_branches": 7, "missing_branches": 7, "percent_branches_covered": 50.0, "percent_branches_covered_display": "50.00"}, "missing_lines": [142, 144, 154, 163, 164, 165, 166, 168, 169, 170, 174, 175, 176], "excluded_lines": [], "executed_branches": [[141, 143], [143, 146], [150, 151], [159, 160], [173, 178], [190, 191], [190, 201]], "missing_branches": [[141, 142], [143, 144], [150, 154], [159, 163], [163, 164], [163, 168], [173, 174]]}, "Result.plot_pair_correlation": {"executed_lines": [289, 301, 307, 308, 309, 311, 313, 315, 320, 321, 322, 327], "summary": {"covered_lines": 12, "num_statements": 19, "percent_covered": 60.869565217391305, "percent_covered_display": "60.87", "missing_lines": 7, "excluded_lines": 0, "percent_statements_covered": 63.1578947368421, "percent_statements_covered_display": "63.16", "num_branches": 4, "num_partial_branches": 2, "covered_branches": 2, "missing_branches": 2, "percent_branches_covered": 50.0, "percent_branches_covered_display": "50.00"}, "missing_lines": [290, 297, 298, 299, 316, 317, 318], "excluded_lines": [], "executed_branches": [[289, 301], [315, 320]], "missing_branches": [[289, 290], [315, 316]]}, "": {"executed_lines": [1, 2, 3, 4, 5, 7, 8, 9, 13, 14, 19, 52, 53, 95, 96, 120, 121, 205, 206, 250, 251], "summary": {"covered_lines": 20, "num_statements": 20, "percent_covered": 100.0, "percent_covered_display": "100.00", "missing_lines": 0, "excluded_lines": 0, "percent_statements_covered": 100.0, "percent_statements_covered_display": "100.00", "num_branches": 0, "num_partial_branches": 0, "covered_branches": 0, "missing_branches": 0, "percent_branches_covered": 100.0, "percent_branches_covered_display": "100.00"}, "missing_lines": [], "excluded_lines": [], "executed_branches": [], "missing_branches": []}}, "classes": {"Result": {"executed_lines": [34, 40, 42, 44, 48, 50, 136, 138, 139, 141, 143, 146, 147, 149, 150, 151, 152, 156, 157, 159, 160, 161, 162, 172, 173, 178, 180, 181, 182, 183, 184, 185, 190, 191, 201, 203, 289, 301, 307, 308, 309, 311, 313, 315, 320, 321, 322, 327], "summary": {"covered_lines": 48, "num_statements": 100, "percent_covered": 47.61904761904762, "percent_covered_display": "47.62", "missing_lines": 52, "excluded_lines": 0, "percent_statements_covered": 48.0, "percent_statements_covered_display": "48.00", "num_branches": 26, "num_partial_branches": 10, "covered_branches": 12, "missing_branches": 14, "percent_branches_covered": 46.15384615384615, "percent_branches_covered_display": "46.15"}, "missing_lines": [41, 43, 45, 67, 68, 70, 71, 73, 75, 77, 84, 85, 86, 87, 88, 89, 90, 93, 109, 111, 113, 114, 115, 116, 118, 142, 144, 154, 163, 164, 165, 166, 168, 169, 170, 174, 175, 176, 230, 237, 239, 241, 242, 243, 248, 290, 297, 298, 299, 316, 317, 318], "excluded_lines": [], "executed_branches": [[40, 42], [42, 44], [44, 48], [141, 143], [143, 146], [150, 151], [159, 160], [173, 178], [190, 191], [190, 201], [289, 301], [315, 320]], "missing_branches": [[40, 41], [42, 43], [44, 45], [70, 71], [70, 73], [141, 142], [143, 144], [150, 154], [159, 163], [163, 164], [163, 168], [173, 174], [289, 290], [315, 316]]}, "": {"executed_lines": [1, 2, 3, 4, 5, 7, 8, 9, 13, 14, 19, 52, 53, 95, 96, 120, 121, 205, 206, 250, 251], "summary": {"covered_lines": 20, "num_statements": 20, "percent_covered": 100.0, "percent_covered_display": "100.00", "missing_lines": 0, "excluded_lines": 0, "percent_statements_covered": 100.0, "percent_statements_covered_display": "100.00", "num_branches": 0, "num_partial_branches": 0, "covered_branches": 0, "missing_branches": 0, "percent_branches_covered": 100.0, "percent_branches_covered_display": "100.00"}, "missing_lines": [], "excluded_lines": [], "executed_branches": [], "missing_branches": []}}}, "PackLab/simulator.py": {"executed_lines": [1, 2, 3, 5, 7, 8, 15, 16, 17, 19, 25, 34, 36, 37, 39], "summary": {"covered_lines": 14, "num_statements": 14, "percent_covered": 100.0, "percent_covered_display": "100.00",