mixture,wavenumber_um_inverse,row,column,S_ij
monodisperse,0,0,0,0.20897959183673462
monodisperse,0.050000000000000003,0,0,0.20901680650004387
monodisperse,0.10000000000000001,0,0,0.20912849214415821
monodisperse,0.15000000000000002,0,0,0.20931477414544331
monodisperse,0.20000000000000001,0,0,0.20957586157563951
monodisperse,0.25,0,0,0.20991204766284358
monodisperse,0.30000000000000004,0,0,0.21032371028351485
monodisperse,0.35000000000000003,0,0,0.21081131260878549
monodisperse,0.40000000000000002,0,0,0.21137540390135015
monodisperse,0.45000000000000001,0,0,0.21201662045870065
monodisperse,0.5,0,0,0.21273568670422313
monodisperse,0.55000000000000004,0,0,0.21353341642771712
monodisperse,0.60000000000000009,0,0,0.21441071417628957
monodisperse,0.65000000000000002,0,0,0.21536857679721227
monodisperse,0.70000000000000007,0,0,0.21640809513410414
monodisperse,0.75,0,0,0.21753045587797201
monodisperse,0.80000000000000004,0,0,0.21873694357459916
monodisperse,0.85000000000000009,0,0,0.22002894278978852
monodisperse,0.90000000000000002,0,0,0.22140794043383774
monodisperse,0.95000000000000007,0,0,0.22287552824659493
monodisperse,1,0,0,0.22443340544417453
monodisperse,1.05,0,0,0.22608338152827953
monodisperse,1.1000000000000001,0,0,0.22782737925870375
monodisperse,1.1500000000000001,0,0,0.22966743778923038
monodisperse,1.2000000000000002,0,0,0.23160571596668242
monodisperse,1.25,0,0,0.23364449579227181
monodisperse,1.3,0,0,0.23578618604371651
monodisperse,1.3500000000000001,0,0,0.2380333260557603
monodisperse,1.4000000000000001,0,0,0.24038858965574117
monodisperse,1.4500000000000002,0,0,0.24285478924970655
monodisperse,1.5,0,0,0.24543488005322087
monodisperse,1.55,0,0,0.24813196445945543
monodisperse,1.6000000000000001,0,0,0.25094929653533393
monodisperse,1.6500000000000001,0,0,0.25389028663443486
monodisperse,1.7000000000000002,0,0,0.2569585061129564
monodisperse,1.75,0,0,0.26015769213232337
monodisperse,1.8,0,0,0.26349175252890117
monodisperse,1.8500000000000001,0,0,0.26696477072773328
monodisperse,1.9000000000000001,0,0,0.27058101067321222
monodisperse,1.9500000000000002,0,0,0.27434492174503222
monodisperse,2,0,0,0.27826114362265209
monodisperse,2.0500000000000003,0,0,0.28233451105570356
monodisperse,2.1000000000000001,0,0,0.2865700584912903
monodisperse,2.1499999999999999,0,0,0.29097302450183277
monodisperse,2.2000000000000002,0,0,0.29554885594896441
monodisperse,2.25,0,0,0.30030321180989372
monodisperse,2.3000000000000003,0,0,0.30524196658251462
monodisperse,2.3500000000000001,0,0,0.31037121317431043
monodisperse,2.4000000000000004,0,0,0.31569726516764018
monodisperse,2.4500000000000002,0,0,0.32122665834024783
monodisperse,2.5,0,0,0.32696615130469436
monodisperse,2.5500000000000003,0,0,0.33292272511380205
monodisperse,2.6000000000000001,0,0,0.33910358166103272
monodisperse,2.6500000000000004,0,0,0.3455161406849428
monodisperse,2.7000000000000002,0,0,0.35216803516540501
monodisperse,2.75,0,0,0.35906710487613552
monodisperse,2.8000000000000003,0,0,0.36622138783322705
monodisperse,2.8500000000000001,0,0,0.37363910935288719
monodisperse,2.9000000000000004,0,0,0.38132866840352692
monodisperse,2.9500000000000002,0,0,0.38929862090787931
monodisperse,3,0,0,0.39755765962018791
monodisperse,3.0500000000000003,0,0,0.40611459017202545
monodisperse,3.1000000000000001,0,0,0.41497830284841353
monodisperse,3.1500000000000004,0,0,0.42415773962421122
monodisperse,3.2000000000000002,0,0,0.43366185595995532
monodisperse,3.25,0,0,0.44349957682741226
monodisperse,3.3000000000000003,0,0,0.45367974640918468
monodisperse,3.3500000000000001,0,0,0.46421107089521596
monodisperse,3.4000000000000004,0,0,0.47510205378363651
monodisperse,3.4500000000000002,0,0,0.48636092308608148
monodisperse,3.5,0,0,0.49799554984073519
monodisperse,3.5500000000000003,0,0,0.51001335735258979
monodisperse,3.6000000000000001,0,0,0.52242122061283081
monodisperse,3.6500000000000004,0,0,0.53522535540130622
monodisperse,3.7000000000000002,0,0,0.54843119665148188
monodisperse,3.75,0,0,0.56204326576024921
monodisperse,3.8000000000000003,0,0,0.57606502665974968
monodisperse,3.8500000000000001,0,0,0.59049873063947955
monodisperse,3.9000000000000004,0,0,0.60534525011876539
monodisperse,3.9500000000000002,0,0,0.62060390182641545
monodisperse,4,0,0,0.63627226014960847
monodisperse,4.0499999999999998,0,0,0.65234596177063897
monodisperse,4.1000000000000005,0,0,0.66881850311947566
monodisperse,4.1500000000000004,0,0,0.68568103263189961
monodisperse,4.2000000000000002,0,0,0.70292214031461275
monodisperse,4.25,0,0,0.72052764767458055
monodisperse,4.2999999999999998,0,0,0.7384804016608425
monodisperse,4.3500000000000005,0,0,0.75676007687979219
monodisperse,4.4000000000000004,0,0,0.77534299096151515
monodisperse,4.4500000000000002,0,0,0.79420193855208709
monodisperse,4.5,0,0,0.81330604995645972
monodisperse,4.5499999999999998,0,0,0.83262068092527752
monodisperse,4.6000000000000005,0,0,0.85210734042865288
monodisperse,4.6500000000000004,0,0,0.87172366344912922
monodisperse,4.7000000000000002,0,0,0.8914234358114177
monodisperse,4.75,0,0,0.91115667780506182
monodisperse,4.8000000000000007,0,0,0.93086979280835647
monodisperse,4.8500000000000005,0,0,0.95050578625466486
monodisperse,4.9000000000000004,0,0,0.97000455907348315
monodisperse,4.9500000000000002,0,0,0.98930327818037411
monodisperse,5,0,0,1.0083368246929838
monodisperse,5.0500000000000007,0,0,1.0270383183470284
monodisperse,5.1000000000000005,0,0,1.0453397141325833
monodisperse,5.1500000000000004,0,0,1.0631724645479059
monodisperse,5.2000000000000002,0,0,1.0804682381792821
monodisperse,5.25,0,0,1.0971596826846819
monodisperse,5.3000000000000007,0,0,1.1131812178239258
monodisperse,5.3500000000000005,0,0,1.1284698420820827
monodisperse,5.4000000000000004,0,0,1.1429659348156265
monodisperse,5.4500000000000002,0,0,1.156614034837425
monodisperse,5.5,0,0,1.169363576046524
monodisperse,5.5500000000000007,0,0,1.1811695611660233
monodisperse,5.6000000000000005,0,0,1.1919931558983097
monodisperse,5.6500000000000004,0,0,1.2018021878150889
monodisperse,5.7000000000000002,0,0,1.2105715369953087
monodisperse,5.75,0,0,1.2182834086877343
monodisperse,5.8000000000000007,0,0,1.2249274819498917
monodisperse,5.8500000000000005,0,0,1.2305009321182339
monodisperse,5.9000000000000004,0,0,1.235008328899653
monodisperse,5.9500000000000002,0,0,1.2384614156470268
monodisperse,6,0,0,1.2408787788118074
monodisperse,6.0500000000000007,0,0,1.2422854195026802
monodisperse,6.1000000000000005,0,0,1.2427122414056961
monodisperse,6.1500000000000004,0,0,1.2421954709653553
monodisperse,6.2000000000000002,0,0,1.240776026659584
monodisperse,6.25,0,0,1.2384988544387387
monodisperse,6.3000000000000007,0,0,1.2354122459915471
monodisperse,6.3500000000000005,0,0,1.2315671555312628
monodisperse,6.4000000000000004,0,0,1.2270165293665203
monodisperse,6.4500000000000002,0,0,1.2218146607486668
monodisperse,6.5,0,0,1.2160165804890446
monodisperse,6.5500000000000007,0,0,1.2096774917294186
monodisperse,6.6000000000000005,0,0,1.2028522551293002
monodisperse,6.6500000000000004,0,0,1.1955949286927636
monodisperse,6.7000000000000002,0,0,1.1879583645642997
monodisperse,6.75,0,0,1.1799938634292679
monodisperse,6.8000000000000007,0,0,1.1717508856926153
monodisperse,6.8500000000000005,0,0,1.1632768173960868
monodisperse,6.9000000000000004,0,0,1.1546167878714357
monodisperse,6.9500000000000002,0,0,1.1458135354059213
monodisperse,7,0,0,1.1369073166988235
monodisperse,7.0500000000000007,0,0,1.1279358555900443
monodisperse,7.1000000000000005,0,0,1.1189343264168932
monodisperse,7.1500000000000004,0,0,1.1099353673742625
monodisperse,7.2000000000000002,0,0,1.1009691193882276
monodisperse,7.25,0,0,1.0920632862368389
monodisperse,7.3000000000000007,0,0,1.0832432119400719
monodisperse,7.3500000000000005,0,0,1.0745319717720154
monodisperse,7.4000000000000004,0,0,1.0659504736040319
monodisperse,7.4500000000000002,0,0,1.0575175666526351
monodisperse,7.5,0,0,1.0492501550680213
monodisperse,7.5500000000000007,0,0,1.0411633141492607
monodisperse,7.6000000000000005,0,0,1.0332704073032259
monodisperse,7.6500000000000004,0,0,1.0255832021717273
monodisperse,7.7000000000000002,0,0,1.0181119846321589
monodisperse,7.75,0,0,1.0108656696297882
monodisperse,7.8000000000000007,0,0,1.0038519080243906
monodisperse,7.8500000000000005,0,0,0.99707718883087293
monodisperse,7.9000000000000004,0,0,0.99054693640406655
monodisperse,7.9500000000000002,0,0,0.98426560226375182
monodisperse,8,0,0,0.97823675137914123
monodisperse,8.0500000000000007,0,0,0.97246314283466528
monodisperse,8.0999999999999996,0,0,0.96694680488312457
monodisperse,8.1500000000000004,0,0,0.96168910446023381
monodisperse,8.2000000000000011,0,0,0.9566908112883904
monodisperse,8.25,0,0,0.95195215673900668
monodisperse,8.3000000000000007,0,0,0.94747288765381887
monodisperse,8.3499999999999996,0,0,0.94325231534779463
monodisperse,8.4000000000000004,0,0,0.93928936003107966
monodisperse,8.4500000000000011,0,0,0.93558259089616169
monodisperse,8.5,0,0,0.93213026212020766
monodisperse,8.5500000000000007,0,0,0.92893034503234662
monodisperse,8.5999999999999996,0,0,0.92598055669239598
monodisperse,8.6500000000000004,0,0,0.92327838512186178
monodisperse,8.7000000000000011,0,0,0.92082111142065814
monodisperse,8.75,0,0,0.91860582899435306
monodisperse,8.8000000000000007,0,0,0.91662946010733592
monodisperse,8.8499999999999996,0,0,0.9148887699674676
monodisperse,8.9000000000000004,0,0,0.91338037853777776
monodisperse,8.9500000000000011,0,0,0.91210077026091685
monodisperse,9,0,0,0.91104630187246483
monodisperse,9.0500000000000007,0,0,0.9102132084700566
monodisperse,9.0999999999999996,0,0,0.90959760799667277
monodisperse,9.1500000000000004,0,0,0.90919550428846241
monodisperse,9.2000000000000011,0,0,0.90900278883016183
monodisperse,9.25,0,0,0.90901524135458911
monodisperse,9.3000000000000007,0,0,0.90922852941682786
monodisperse,9.3499999999999996,0,0,0.90963820706858611
monodisperse,9.4000000000000004,0,0,0.91023971275378479
monodisperse,9.4500000000000011,0,0,0.91102836654269881
monodisperse,9.5,0,0,0.91199936681887739
monodisperse,9.5500000000000007,0,0,0.91314778653057438
monodisperse,9.6000000000000014,0,0,0.91446856911647456
monodisperse,9.6500000000000004,0,0,0.91595652421402296
monodisperse,9.7000000000000011,0,0,0.91760632325760649
monodisperse,9.75,0,0,0.91941249507309497
monodisperse,9.8000000000000007,0,0,0.92136942157475776
monodisperse,9.8500000000000014,0,0,0.92347133367022649
monodisperse,9.9000000000000004,0,0,0.92571230747888433
monodisperse,9.9500000000000011,0,0,0.92808626096871283
monodisperse,10,0,0,0.93058695111612766
monodisperse,10.050000000000001,0,0,0.93320797169255254
monodisperse,10.100000000000001,0,0,0.9359427517803125
monodisperse,10.15,0,0,0.93878455511875714
monodisperse,10.200000000000001,0,0,0.94172648037922579
monodisperse,10.25,0,0,0.94476146246442883
monodisperse,10.300000000000001,0,0,0.94788227492393962
monodisperse,10.350000000000001,0,0,0.95108153357263781
monodisperse,10.4,0,0,0.95435170139306258
monodisperse,10.450000000000001,0,0,0.95768509479558706
monodisperse,10.5,0,0,0.96107389130208631
monodisperse,10.550000000000001,0,0,0.96451013870926416
monodisperse,10.600000000000001,0,0,0.96798576577699269
monodisperse,10.65,0,0,0.9714925944749162
monodisperse,10.700000000000001,0,0,0.97502235380716495
monodisperse,10.75,0,0,0.97856669522038597
monodisperse,10.800000000000001,0,0,0.98211720958449611
monodisperse,10.850000000000001,0,0,0.98566544571870252
monodisperse,10.9,0,0,0.98920293041756979
monodisperse,10.950000000000001,0,0,0.99272118991343195
monodisperse,11,0,0,0.996211772692424
monodisperse,11.050000000000001,0,0,0.9996662735621602
monodisperse,11.100000000000001,0,0,1.0030763588497977
monodisperse,11.15,0,0,1.00643379259029
monodisperse,11.200000000000001,0,0,1.009730463546298
monodisperse,11.25,0,0,1.0129584128838791
monodisperse,11.300000000000001,0,0,1.0161098623120346
monodisperse,11.350000000000001,0,0,1.0191772424798091
monodisperse,11.4,0,0,1.0221532214122548
monodisperse,11.450000000000001,0,0,1.0250307327564976
monodisperse,11.5,0,0,1.0278030036016785
monodisperse,11.550000000000001,0,0,1.0304635816319443
monodisperse,11.600000000000001,0,0,1.0330063613701306
monodisperse,11.65,0,0,1.0354256092715004
monodisperse,11.700000000000001,0,0,1.0377159874319433
monodisperse,11.75,0,0,1.0398725756834666
monodisperse,11.800000000000001,0,0,1.0418908918615726
monodisperse,11.850000000000001,0,0,1.0437669100441209
monodisperse,11.9,0,0,1.0454970765793419
monodisperse,11.950000000000001,0,0,1.0470783237415604
monodisperse,12,0,0,1.0485080808766012
monodisperse,12.050000000000001,0,0,1.049784282924404
monodisperse,12.100000000000001,0,0,1.0509053762336908
monodisperse,12.15,0,0,1.051870321612105
monodisperse,12.200000000000001,0,0,1.052678594584638
monodisperse,12.25,0,0,1.0533301828628423
monodisperse,12.300000000000001,0,0,1.0538255810568227
monodisperse,12.350000000000001,0,0,1.0541657826907611
monodisperse,12.4,0,0,1.0543522696103413
monodisperse,12.450000000000001,0,0,1.054386998896391
monodisperse,12.5,0,0,1.0542723874229971
monodisperse,12.550000000000001,0,0,1.0540112942198867
monodisperse,12.600000000000001,0,0,1.0536070008177181
monodisperse,12.65,0,0,1.0530631897708667
monodisperse,12.700000000000001,0,0,1.0523839215651305
monodisperse,12.75,0,0,1.0515736101274655
monodisperse,12.800000000000001,0,0,1.0506369971612957
monodisperse,12.850000000000001,0,0,1.0495791255342424
monodisperse,12.9,0,0,1.0484053119452992
monodisperse,12.950000000000001,0,0,1.047121119095753
monodisperse,13,0,0,1.0457323275826873
monodisperse,13.050000000000001,0,0,1.0442449077259459
monodisperse,13.100000000000001,0,0,1.0426649915292612
monodisperse,13.15,0,0,1.0409988449641612
monodisperse,13.200000000000001,0,0,1.0392528407515538
monodisperse,13.25,0,0,1.0374334318009037
monodisperse,13.300000000000001,0,0,1.0355471254509372
monodisperse,13.350000000000001,0,0,1.0336004586391978
monodisperse,13.4,0,0,1.0315999741107729
monodisperse,13.450000000000001,0,0,1.0295521977594593
monodisperse,13.5,0,0,1.0274636171777249
monodisperse,13.550000000000001,0,0,1.02534066147535
monodisperse,13.600000000000001,0,0,1.0231896824107427
monodisperse,13.65,0,0,1.0210169368638258
monodisperse,13.700000000000001,0,0,1.018828570665218
monodisperse,13.75,0,0,1.0166306037832906
monodisperse,13.800000000000001,0,0,1.0144289168586575
monodisperse,13.850000000000001,0,0,1.0122292390648233
monodisperse,13.9,0,0,1.0100371372640664
monodisperse,13.950000000000001,0,0,1.0078580064192313
monodisperse,14,0,0,1.0056970612148937
monodisperse,14.050000000000001,0,0,1.0035593288353211
monodisperse,14.100000000000001,0,0,1.001449642841779
monodisperse,14.15,0,0,0.99937263808789834
monodisperse,14.200000000000001,0,0,0.9973327466090286
monodisperse,14.25,0,0,0.99533419441964344
monodisperse,14.300000000000001,0,0,0.99338099915187072
monodisperse,14.350000000000001,0,0,0.99147696846800459
monodisperse,14.4,0,0,0.98962569918035947
monodisperse,14.450000000000001,0,0,0.98783057701293675
monodisperse,14.5,0,0,0.98609477694102954
monodisperse,14.550000000000001,0,0,0.98442126404702845
monodisperse,14.600000000000001,0,0,0.98281279483319328
monodisperse,14.65,0,0,0.98127191893501609
monodisperse,14.700000000000001,0,0,0.97980098118189718
monodisperse,14.75,0,0,0.97840212395516823
monodisperse,14.800000000000001,0,0,0.9770772897969604
monodisperse,14.850000000000001,0,0,0.97582822422697391
monodisperse,14.9,0,0,0.97465647872782835
monodisperse,14.950000000000001,0,0,0.97356341386332224
monodisperse,15,0,0,0.9725502024975603
monodisperse,15.050000000000001,0,0,0.97161783308650196
monodisperse,15.100000000000001,0,0,0.97076711301701879
monodisperse,15.15,0,0,0.96999867197199274
monodisperse,15.200000000000001,0,0,0.96931296530333888
monodisperse,15.25,0,0,0.96871027739806093
monodisperse,15.300000000000001,0,0,0.96819072502556103
monodisperse,15.350000000000001,0,0,0.96775426065738712
monodisperse,15.4,0,0,0.96740067575343835
monodisperse,15.450000000000001,0,0,0.96712960401131465
monodisperse,15.5,0,0,0.96694052457803803
monodisperse,15.550000000000001,0,0,0.96683276522572748
monodisperse,15.600000000000001,0,0,0.96680550549503086
monodisperse,15.65,0,0,0.96685777981216325
monodisperse,15.700000000000001,0,0,0.96698848058728459
monodisperse,15.75,0,0,0.96719636130367681
monodisperse,15.800000000000001,0,0,0.96748003960872642
monodisperse,15.850000000000001,0,0,0.96783800041911283
monodisperse,15.9,0,0,0.9682685990538068
monodisperse,15.950000000000001,0,0,0.96877006440953317
monodisperse,16,0,0,0.96934050219420476
monodisperse,16.050000000000001,0,0,0.96997789823452529
monodisperse,16.100000000000001,0,0,0.97068012187445729
monodisperse,16.150000000000002,0,0,0.97144492948156091
monodisperse,16.199999999999999,0,0,0.97226996807834065
monodisperse,16.25,0,0,0.97315277911565912
monodisperse,16.300000000000001,0,0,0.97409080240501567
monodisperse,16.350000000000001,0,0,0.9750813802260222
monodisperse,16.400000000000002,0,0,0.97612176162473552
monodisperse,16.449999999999999,0,0,0.97720910691763918
monodisperse,16.5,0,0,0.97834049241499477
monodisperse,16.550000000000001,0,0,0.97951291537599183
monodisperse,16.600000000000001,0,0,0.98072329920666468
monodisperse,16.650000000000002,0,0,0.98196849890984694
monodisperse,16.699999999999999,0,0,0.98324530679457844
monodisperse,16.75,0,0,0.98455045845031575
monodisperse,16.800000000000001,0,0,0.98588063898906575
monodisperse,16.850000000000001,0,0,0.98723248955617404
monodisperse,16.900000000000002,0,0,0.98860261410794181
monodisperse,16.949999999999999,0,0,0.98998758645158091
monodisperse,17,0,0,0.9913839575402138
monodisperse,17.050000000000001,0,0,0.99278826301274881
monodisperse,17.100000000000001,0,0,0.99419703096551193
monodisperse,17.150000000000002,0,0,0.99560678993952223
monodisperse,17.199999999999999,0,0,0.99701407710430312
monodisperse,17.25,0,0,0.99841544661613868
monodisperse,17.300000000000001,0,0,0.99980747812575688
monodisperse,17.350000000000001,0,0,1.0011867854075884
monodisperse,17.400000000000002,0,0,1.0025500250800279
monodisperse,17.449999999999999,0,0,1.0038939053835685
monodisperse,17.5,0,0,1.0052151949813244
monodisperse,17.550000000000001,0,0,1.0065107317443092
monodisperse,17.600000000000001,0,0,1.0077774314819858
monodisperse,17.650000000000002,0,0,1.0090122965770116
monodisperse,17.699999999999999,0,0,1.0102124244818715
monodisperse,17.75,0,0,1.0113750160341808
monodisperse,17.800000000000001,0,0,1.012497383546932
monodisperse,17.850000000000001,0,0,1.0135769586298262
monodisperse,17.900000000000002,0,0,1.0146112996981229
monodisperse,17.949999999999999,0,0,1.0155980991261429
monodisperse,18,0,0,1.0165351900036854
monodisperse,18.050000000000001,0,0,1.0174205524551769
monodisperse,18.100000000000001,0,0,1.0182523194833351
monodisperse,18.150000000000002,0,0,1.0190287823014907
monodisperse,18.199999999999999,0,0,1.0197483951214752
monodisperse,18.25,0,0,1.0204097793670763
monodisperse,18.300000000000001,0,0,1.0210117272865107
monodisperse,18.350000000000001,0,0,1.0215532049410894
monodisperse,18.400000000000002,0,0,1.0220333545512315
monodisperse,18.449999999999999,0,0,1.0224514961851812
monodisperse,18.5,0,0,1.0228071287801281
monodisperse,18.550000000000001,0,0,1.0230999304899127
monodisperse,18.600000000000001,0,0,1.0233297583580128
monodisperse,18.650000000000002,0,0,1.0234966473190694
monodisperse,18.699999999999999,0,0,1.0236008085366906
monodisperse,18.75,0,0,1.0236426270896914
monodisperse,18.800000000000001,0,0,1.0236226590231949
monodisperse,18.850000000000001,0,0,1.0235416277850906
monodisperse,18.900000000000002,0,0,1.0234004200722016
monodisperse,18.949999999999999,0,0,1.0232000811140782
monodisperse,19,0,0,1.0229418094256146
monodisperse,19.050000000000001,0,0,1.0226269510626056
monodisperse,19.100000000000001,0,0,1.022256993416939
monodisperse,19.150000000000002,0,0,1.0218335585903036
monodisperse,19.200000000000003,0,0,1.0213583963870894
monodisperse,19.25,0,0,1.0208333769685436
monodisperse,19.300000000000001,0,0,1.0202604832112374
monodisperse,19.350000000000001,0,0,1.0196418028134806
monodisperse,19.400000000000002,0,0,1.0189795201935108
monodisperse,19.450000000000003,0,0,1.0182759082231017
monodisperse,19.5,0,0,1.0175333198396777
monodisperse,19.550000000000001,0,0,1.0167541795791348
monodisperse,19.600000000000001,0,0,1.015940975070365
monodisperse,19.650000000000002,0,0,1.0150962485309787
monodisperse,19.700000000000003,0,0,1.0142225883019802
monodisperse,19.75,0,0,1.0133226204571684
monodisperse,19.800000000000001,0,0,1.0123990005208678
monodisperse,19.850000000000001,0,0,1.0114544053252705
monodisperse,19.900000000000002,0,0,1.0104915250362116
monodisperse,19.950000000000003,0,0,1.0095130553736622
monodisperse,20,0,0,1.0085216900506087
monodisperse,20.050000000000001,0,0,1.0075201134513621
monodisperse,20.100000000000001,0,0,1.0065109935676915
monodisperse,20.150000000000002,0,0,1.0054969752085725
monodisperse,20.200000000000003,0,0,1.0044806734967811
monodisperse,20.25,0,0,1.0034646676630652
monodisperse,20.300000000000001,0,0,1.0024514951462447
monodisperse,20.350000000000001,0,0,1.0014436460052978
monodisperse,20.400000000000002,0,0,1.0004435576473307
monodisperse,20.450000000000003,0,0,0.99945360987331111
monodisperse,20.5,0,0,0.99847612024156562
monodisperse,20.550000000000001,0,0,0.99751333974731948
monodisperse,20.600000000000001,0,0,0.99656744881500159
monodisperse,20.650000000000002,0,0,0.99564055359862391
monodisperse,20.700000000000003,0,0,0.99473468258432618
monodisperse,20.75,0,0,0.99385178348808156
monodisperse,20.800000000000001,0,0,0.99299372044065892
monodisperse,20.850000000000001,0,0,0.99216227145116953
monodisperse,20.900000000000002,0,0,0.99135912613991695
monodisperse,20.950000000000003,0,0,0.99058588373080303
monodisperse,21,0,0,0.98984405129321418
monodisperse,21.050000000000001,0,0,0.98913504222310944
monodisperse,21.100000000000001,0,0,0.98846017495295013
monodisperse,21.150000000000002,0,0,0.98782067188014455
monodisperse,21.200000000000003,0,0,0.98721765850380372
monodisperse,21.25,0,0,0.98665216275983847
monodisperse,21.300000000000001,0,0,0.9861251145447234
monodisperse,21.350000000000001,0,0,0.98563734541863768
monodisperse,21.400000000000002,0,0,0.98518958847913307
monodisperse,21.450000000000003,0,0,0.98478247839696997
monodisperse,21.5,0,0,0.98441655160631159
monodisperse,21.550000000000001,0,0,0.98409224664202954
monodisperse,21.600000000000001,0,0,0.9838099046174904
monodisperse,21.650000000000002,0,0,0.983569769836803
monodisperse,21.700000000000003,0,0,0.98337199053614621
monodisperse,21.75,0,0,0.98321661974942598
monodisperse,21.800000000000001,0,0,0.98310361629415355
monodisperse,21.850000000000001,0,0,0.98303284587404238
monodisperse,21.900000000000002,0,0,0.98300408229544156
monodisperse,21.950000000000003,0,0,0.98301700879528942
monodisperse,22,0,0,0.98307121947883513
monodisperse,22.050000000000001,0,0,0.98316622086588368
monodisperse,22.100000000000001,0,0,0.98330143354480393
monodisperse,22.150000000000002,0,0,0.98347619393396579
monodisperse,22.200000000000003,0,0,0.98368975615066845
monodisperse,22.25,0,0,0.98394129398794106
monodisperse,22.300000000000001,0,0,0.98422990299988689
monodisperse,22.350000000000001,0,0,0.98455460269645112
monodisperse,22.400000000000002,0,0,0.98491433884865354
monodisperse,22.450000000000003,0,0,0.98530798590542057
monodisperse,22.5,0,0,0.98573434952317318
monodisperse,22.550000000000001,0,0,0.98619216920929209
monodisperse,22.600000000000001,0,0,0.98668012108046954
monodisperse,22.650000000000002,0,0,0.98719682073678094
monodisperse,22.700000000000003,0,0,0.98774082625206294
monodisperse,22.75,0,0,0.98831064128087009
monodisperse,22.800000000000001,0,0,0.9889047182819023
monodisperse,22.850000000000001,0,0,0.98952146185734624
monodisperse,22.900000000000002,0,0,0.99015923220706825
monodisperse,22.950000000000003,0,0,0.9908163486960252
monodisperse,23,0,0,0.99149109353263276
monodisperse,23.050000000000001,0,0,0.99218171555515555
monodisperse,23.100000000000001,0,0,0.99288643412245914
monodisperse,23.150000000000002,0,0,0.99360344310469495
monodisperse,23.200000000000003,0,0,0.99433091496868831
monodisperse,23.25,0,0,0.99506700495197176
monodisperse,23.300000000000001,0,0,0.99580985531855004
monodisperse,23.350000000000001,0,0,0.99655759968861701
monodisperse,23.400000000000002,0,0,0.9973083674335812
monodisperse,23.450000000000003,0,0,0.99806028812687841
monodisperse,23.5,0,0,0.99881149604020225
monodisperse,23.550000000000001,0,0,0.99956013467395155
monodisperse,23.600000000000001,0,0,1.0003043613098859
monodisperse,23.650000000000002,0,0,1.001042351573227
monodisperse,23.700000000000003,0,0,1.0017723039907316
monodisperse,23.75,0,0,1.0024924445306127
monodisperse,23.800000000000001,0,0,1.0032010311096069
monodisperse,23.850000000000001,0,0,1.0038963580519846
monodisperse,23.900000000000002,0,0,1.0045767604848861
monodisperse,23.950000000000003,0,0,1.0052406186540443
monodisperse,24,0,0,1.0058863621437371
monodisperse,24.050000000000001,0,0,1.0065124739847038
monodisperse,24.100000000000001,0,0,1.007117494633752
monodisperse,24.150000000000002,0,0,1.007700025808911
monodisperse,24.200000000000003,0,0,1.0082587341642115
monodisperse,24.25,0,0,1.0087923547885365
monodisperse,24.300000000000001,0,0,1.0092996945134665
monodisperse,24.350000000000001,0,0,1.0097796350156327
monodisperse,24.400000000000002,0,0,1.0102311356998208
monodisperse,24.450000000000003,0,0,1.0106532363498832
monodisperse,24.5,0,0,1.011045059535469
monodisperse,24.550000000000001,0,0,1.0114058127636159
monodisperse,24.600000000000001,0,0,1.0117347903653846
monodisperse,24.650000000000002,0,0,1.0120313751089394
monodisperse,24.700000000000003,0,0,1.0122950395317789
monodisperse,24.75,0,0,1.0125253469861801
monodisperse,24.800000000000001,0,0,1.0127219523933373
monodisperse,24.850000000000001,0,0,1.0128846027031415
monodisperse,24.900000000000002,0,0,1.0130131370580209
monodisperse,24.950000000000003,0,0,1.0131074866607797
monodisperse,25,0,0,1.0131676743478648
monodisperse,25.050000000000001,0,0,1.0131938138709886
monodisperse,25.100000000000001,0,0,1.013186108891504
monodisperse,25.150000000000002,0,0,1.0131448516933588
monodisperse,25.200000000000003,0,0,1.0130704216218349
monodisperse,25.25,0,0,1.0129632832566033
monodisperse,25.300000000000001,0,0,1.0128239843288689
monodisperse,25.350000000000001,0,0,1.0126531533935488
monodisperse,25.400000000000002,0,0,1.0124514972684999
monodisperse,25.450000000000003,0,0,1.0122197982537926
monodisperse,25.5,0,0,1.0119589111448943
monodisperse,25.550000000000001,0,0,1.0116697600543927
monodisperse,25.600000000000001,0,0,1.0113533350575328
monodisperse,25.650000000000002,0,0,1.0110106886773753
monodisperse,25.700000000000003,0,0,1.0106429322257979
monodisperse,25.75,0,0,1.0102512320168513
monodisperse,25.800000000000001,0,0,1.0098368054691695
monodisperse,25.850000000000001,0,0,1.0094009171141896
monodisperse,25.900000000000002,0,0,1.0089448745268981
monodisperse,25.950000000000003,0,0,1.0084700241956659
monodisperse,26,0,0,1.0079777473474847
monodisperse,26.050000000000001,0,0,1.007469455744568
monodisperse,26.100000000000001,0,0,1.006946587467852
monodisperse,26.150000000000002,0,0,1.0064106027024207
monodisperse,26.200000000000003,0,0,1.0058629795392873
monodisperse,26.25,0,0,1.0053052098073325
monodisperse,26.300000000000001,0,0,1.0047387949484887
monodisperse,26.350000000000001,0,0,1.0041652419485152
monodisperse,26.400000000000002,0,0,1.0035860593349368
monodisperse,26.450000000000003,0,0,1.0030027532528938
monodisperse,26.5,0,0,1.0024168236288313
monodisperse,26.550000000000001,0,0,1.0018297604311135
monodisperse,26.600000000000001,0,0,1.0012430400357966
monodisperse,26.650000000000002,0,0,1.0006581217049606
monodisperse,26.700000000000003,0,0,1.0000764441841643
monodisperse,26.75,0,0,0.99949942242477152
monodisperse,26.800000000000001,0,0,0.99892844443611295
monodisperse,26.850000000000001,0,0,0.9983648682716707
monodisperse,26.900000000000002,0,0,0.99781001915275236
monodisperse,26.950000000000003,0,0,0.99726518673241826
monodisperse,27,0,0,0.99673162250177094
monodisperse,27.050000000000001,0,0,0.9962105373400989
monodisperse,27.100000000000001,0,0,0.99570309920980249
monodisperse,27.150000000000002,0,0,0.99521043099649342
monodisperse,27.200000000000003,0,0,0.99473360849419579
monodisperse,27.25,0,0,0.99427365853512939
monodisperse,27.300000000000001,0,0,0.99383155726318351
monodisperse,27.350000000000001,0,0,0.99340822854984923
monodisperse,27.400000000000002,0,0,0.99300454255107773
monodisperse,27.450000000000003,0,0,0.99262131440329648
monodisperse,27.5,0,0,0.99225930305659726
monodisperse,27.550000000000001,0,0,0.99191921024295393
monodisperse,27.600000000000001,0,0,0.99160167957719392
monodisperse,27.650000000000002,0,0,0.99130729578835941
monodisperse,27.700000000000003,0,0,0.9910365840790355
monodisperse,27.75,0,0,0.99079000961019192
monodisperse,27.800000000000001,0,0,0.99056797710908551
monodisperse,27.850000000000001,0,0,0.99037083059779485
monodisperse,27.900000000000002,0,0,0.99019885323999746
monodisperse,27.950000000000003,0,0,0.99005226730366791
monodisperse,28,0,0,0.98993123423744389
monodisperse,28.050000000000001,0,0,0.98983585485850245
monodisperse,28.100000000000001,0,0,0.98976616964987763
monodisperse,28.150000000000002,0,0,0.9897221591652533
monodisperse,28.200000000000003,0,0,0.98970374453937238
monodisperse,28.25,0,0,0.98971078810229418
monodisperse,28.300000000000001,0,0,0.98974309409584238
monodisperse,28.350000000000001,0,0,0.98980040949066694
monodisperse,28.400000000000002,0,0,0.98988242490243494
monodisperse,28.450000000000003,0,0,0.98998877560572474
monodisperse,28.5,0,0,0.99011904264426653
monodisperse,28.550000000000001,0,0,0.99027275403620985
monodisperse,28.600000000000001,0,0,0.99044938607311317
monodisperse,28.650000000000002,0,0,0.99064836471137441
monodisperse,28.700000000000003,0,0,0.99086906705478539
monodisperse,28.75,0,0,0.99111082292686425
monodisperse,28.800000000000001,0,0,0.9913729165315619
monodisperse,28.850000000000001,0,0,0.99165458820084451
monodisperse,28.900000000000002,0,0,0.99195503622755088
monodisperse,28.950000000000003,0,0,0.9922734187817881
monodisperse,29,0,0,0.99260885590897285
monodisperse,29.050000000000001,0,0,0.99296043160743841
monodisperse,29.100000000000001,0,0,0.99332719598332953
monodisperse,29.150000000000002,0,0,0.99370816748026991
monodisperse,29.200000000000003,0,0,0.99410233518104885
monodisperse,29.25,0,0,0.99450866117829195
monodisperse,29.300000000000001,0,0,0.99492608301080188
monodisperse,29.350000000000001,0,0,0.99535351616194667
monodisperse,29.400000000000002,0,0,0.99578985661615727
monodisperse,29.450000000000003,0,0,0.99623398346926484
monodisperse,29.5,0,0,0.99668476158806729
monodisperse,29.550000000000001,0,0,0.99714104431417827
monodisperse,29.600000000000001,0,0,0.99760167620685347
monodisperse,29.650000000000002,0,0,0.99806549581915038
monodisperse,29.700000000000003,0,0,0.99853133850143427
monodisperse,29.75,0,0,0.99899803922590302
monodisperse,29.800000000000001,0,0,0.99946443542548424
monodisperse,29.850000000000001,0,0,0.9999293698401488
monodisperse,29.900000000000002,0,0,1.0003916933633925
monodisperse,29.950000000000003,0,0,1.0008502678813715
monodisperse,30,0,0,1.0013039690969336
binary,0,0,0,0.99544552396508545
binary,0.050000000000000003,0,0,0.99541692641797241
binary,0.10000000000000001,0,0,0.99533111165452881
binary,0.15000000000000002,0,0,0.99518799890957887
binary,0.20000000000000001,0,0,0.99498745909699571
binary,0.25,0,0,0.99472930973897888
binary,0.30000000000000004,0,0,0.99441331549751188
binary,0.35000000000000003,0,0,0.99403918763912713
binary,0.40000000000000002,0,0,0.99360658338304653
binary,0.45000000000000001,0,0,0.9931151051266992
binary,0.5,0,0,0.99256429957013026
binary,0.55000000000000004,0,0,0.99195365673349845
binary,0.60000000000000009,0,0,0.99128260886866482
binary,0.65000000000000002,0,0,0.99055052927780729
binary,0.70000000000000007,0,0,0.98975673104155903
binary,0.75,0,0,0.98890046566740386
binary,0.80000000000000004,0,0,0.98798092166678431
binary,0.85000000000000009,0,0,0.98699722307407278
binary,0.90000000000000002,0,0,0.98594842792120507
binary,0.95000000000000007,0,0,0.98483352668515345
binary,1,0,0,0.98365144072809241
binary,1.05,0,0,0.98240102075417213
binary,1.1000000000000001,0,0,0.98108104531066764
binary,1.1500000000000001,0,0,0.9796902193660999
binary,1.2000000000000002,0,0,0.97822717300365836
binary,1.25,0,0,0.97669046027449602
binary,1.3,0,0,0.97507855826292433
binary,1.3500000000000001,0,0,0.97338986642398917
binary,1.4000000000000001,0,0,0.97162270626343039
binary,1.4500000000000002,0,0,0.96977532144119616
binary,1.5,0,0,0.96784587839214897
binary,1.55,0,0,0.96583246757183949
binary,1.6000000000000001,0,0,0.96373310545132862
binary,1.6500000000000001,0,0,0.96154573740323412
binary,1.7000000000000002,0,0,0.95926824164154056
binary,1.75,0,0,0.95689843440062428
binary,1.8,0,0,0.95443407656434176
binary,1.8500000000000001,0,0,0.95187288198423348
binary,1.9000000000000001,0,0,0.94921252775697273
binary,1.9500000000000002,0,0,0.94645066676505463
binary,2,0,0,0.94358494282152683
binary,2.0500000000000003,0,0,0.94061300879895304
binary,2.1000000000000001,0,0,0.93753254816453402
binary,2.1499999999999999,0,0,0.93434130038675678
binary,2.2000000000000002,0,0,0.93103709072330199
binary,2.25,0,0,0.92761786494391296
binary,2.3000000000000003,0,0,0.92408172958387702
binary,2.3500000000000001,0,0,0.92042699836139963
binary,2.4000000000000004,0,0,0.91665224542249968
binary,2.4500000000000002,0,0,0.9127563660962994
binary,2.5,0,0,0.90873864584694131
binary,2.5500000000000003,0,0,0.90459883808992814
binary,2.6000000000000001,0,0,0.90033725149317112
binary,2.6500000000000004,0,0,0.89595484729798724
binary,2.7000000000000002,0,0,0.8914533470625573
binary,2.75,0,0,0.88683535103866318
binary,2.8000000000000003,0,0,0.88210446712917279
binary,2.8500000000000001,0,0,0.87726545002531076
binary,2.9000000000000004,0,0,0.87232434967564543
binary,2.9500000000000002,0,0,0.86728866768001345
binary,3,0,0,0.86216751952078763
binary,3.0500000000000003,0,0,0.85697179973437065
binary,3.1000000000000001,0,0,0.85171434618779363
binary,3.1500000000000004,0,0,0.84641009856847027
binary,3.2000000000000002,0,0,0.84107624504243916
binary,3.25,0,0,0.83573234982753408
binary,3.3000000000000003,0,0,0.83040045322320832
binary,3.3500000000000001,0,0,0.82510513452213619
binary,3.4000000000000004,0,0,0.81987352730950169
binary,3.4500000000000002,0,0,0.81473527606771001
binary,3.5,0,0,0.80972242290123797
binary,3.5500000000000003,0,0,0.80486921374382314
binary,3.6000000000000001,0,0,0.80021181477078285
binary,3.6500000000000004,0,0,0.79578793205249176
binary,3.7000000000000002,0,0,0.79163633084237062
binary,3.75,0,0,0.78779625530894504
binary,3.8000000000000003,0,0,0.78430675490686941
binary,3.8500000000000001,0,0,0.78120592971900005
binary,3.9000000000000004,0,0,0.77853011363458058
binary,3.9500000000000002,0,0,0.7763130206684703
binary,4,0,0,0.77458488547988114
binary,4.0499999999999998,0,0,0.77337163357138206
binary,4.1000000000000005,0,0,0.77269411911766017
binary,4.1500000000000004,0,0,0.77256746837670276
binary,4.2000000000000002,0,0,0.77300056386029703
binary,4.25,0,0,0.77399569884369412
binary,4.2999999999999998,0,0,0.77554842364502363
binary,4.3500000000000005,0,0,0.77764759498028424
binary,4.4000000000000004,0,0,0.78027562843095788
binary,4.4500000000000002,0,0,0.78340894263842298
binary,4.5,0,0,0.78701857328523028
binary,4.5499999999999998,0,0,0.79107092616099084
binary,4.6000000000000005,0,0,0.79552863234638205
binary,4.6500000000000004,0,0,0.8003514651915159
binary,4.7000000000000002,0,0,0.80549727839368213
binary,4.75,0,0,0.8109229268614806
binary,4.8000000000000007,0,0,0.81658513670329169
binary,4.8500000000000005,0,0,0.82244129695035384
binary,4.9000000000000004,0,0,0.82845015280526324
binary,4.9500000000000002,0,0,0.83457238760775265
binary,5,0,0,0.84077108773986553
binary,5.0500000000000007,0,0,0.84701209090253016
binary,5.1000000000000005,0,0,0.85326422329513685
binary,5.1500000000000004,0,0,0.85949943508352344
binary,5.2000000000000002,0,0,0.8656928461466904
binary,5.25,0,0,0.87182271554635871
binary,5.3000000000000007,0,0,0.8778703486302617
binary,5.3500000000000005,0,0,0.88381995535830016
binary,5.4000000000000004,0,0,0.88965847253637487
binary,5.4500000000000002,0,0,0.89537536134979712
binary,5.5,0,0,0.90096239007593915
binary,5.5500000000000007,0,0,0.90641341026220013
binary,5.6000000000000005,0,0,0.91172413308580491
binary,5.6500000000000004,0,0,0.9168919111407331
binary,5.7000000000000002,0,0,0.92191552957157896
binary,5.75,0,0,0.92679500931961478
binary,5.8000000000000007,0,0,0.93153142427097535
binary,5.8500000000000005,0,0,0.93612673329666862
binary,5.9000000000000004,0,0,0.94058362753681535
binary,5.9500000000000002,0,0,0.94490539279003416
binary,6,0,0,0.94909578650390514
binary,6.0500000000000007,0,0,0.95315892860412954
binary,6.1000000000000005,0,0,0.95709920522944703
binary,6.1500000000000004,0,0,0.96092118433922458
binary,6.2000000000000002,0,0,0.96462954211555485
binary,6.25,0,0,0.96822899907863191
binary,6.3000000000000007,0,0,0.97172426486205732
binary,6.3500000000000005,0,0,0.97511999064469534
binary,6.4000000000000004,0,0,0.97842072830049809
binary,6.4500000000000002,0,0,0.98163089540187709
binary,6.5,0,0,0.98475474529135465
binary,6.5500000000000007,0,0,0.98779634151734308
binary,6.6000000000000005,0,0,0.99075953601062494
binary,6.6500000000000004,0,0,0.99364795045697385
binary,6.7000000000000002,0,0,0.9964649603973269
binary,6.75,0,0,0.99921368165940683
binary,6.8000000000000007,0,0,1.0018969587934314
binary,6.8500000000000005,0,0,1.0045173552494138
binary,6.9000000000000004,0,0,1.0070771450946125
binary,6.9500000000000002,0,0,1.0095783061269812
binary,7,0,0,1.0120225142941246
binary,7.0500000000000007,0,0,1.0144111393772961
binary,7.1000000000000005,0,0,1.0167452419463636
binary,7.1500000000000004,0,0,1.0190255716342933
binary,7.2000000000000002,0,0,1.0212525668182753
binary,7.25,0,0,1.0234263558287833
binary,7.3000000000000007,0,0,1.02554675983704
binary,7.3500000000000005,0,0,1.027613297594939
binary,7.4000000000000004,0,0,1.0296251922186097
binary,7.4500000000000002,0,0,1.0315813802166649
binary,7.5,0,0,1.0334805229657493
binary,7.5500000000000007,0,0,1.0353210208284285
binary,7.6000000000000005,0,0,1.0371010300907806
binary,7.6500000000000004,0,0,1.0388184828685421
binary,7.7000000000000002,0,0,1.0404711100908157
binary,7.75,0,0,1.0420564676189084
binary,7.8000000000000007,0,0,1.043571965495071
binary,7.8500000000000005,0,0,1.0450149002424403
binary,7.9000000000000004,0,0,1.0463824900546004
binary,7.9500000000000002,0,0,1.0476719126228051
binary,8,0,0,1.0488803452535773
binary,8.0500000000000007,0,0,1.0500050068323004
binary,8.0999999999999996,0,0,1.0510432010933157
binary,8.1500000000000004,0,0,1.0519923605680794
binary,8.2000000000000011,0,0,1.052850090504621
binary,8.25,0,0,1.053614211988356
binary,8.3000000000000007,0,0,1.0542828034505154
binary,8.3499999999999996,0,0,1.0548542397298959
binary,8.4000000000000004,0,0,1.0553272278592305
binary,8.4500000000000011,0,0,1.0557008387812383
binary,8.5,0,0,1.0559745342619347
binary,8.5500000000000007,0,0,1.0561481883593273
binary,8.5999999999999996,0,0,1.0562221029218959
binary,8.6500000000000004,0,0,1.0561970167295853
binary,8.7000000000000011,0,0,1.0560741080453471
binary,8.75,0,0,1.0558549905115822
binary,8.8000000000000007,0,0,1.0555417024963012
binary,8.8499999999999996,0,0,1.0551366901614587
binary,8.9000000000000004,0,0,1.0546427846837081
binary,8.9500000000000011,0,0,1.054063174199414
binary,9,0,0,1.0534013711656138
binary,9.0500000000000007,0,0,1.0526611759225328
binary,9.0999999999999996,0,0,1.0518466373083317
binary,9.1500000000000004,0,0,1.0509620112118119
binary,9.2000000000000011,0,0,1.0500117179539472
binary,9.25,0,0,1.0490002993661214
binary,9.3000000000000007,0,0,1.0479323763846342
binary,9.3499999999999996,0,0,1.0468126079112428
binary,9.4000000000000004,0,0,1.0456456516027279
binary,9.4500000000000011,0,0,1.0444361271535123
binary,9.5,0,0,1.0431885825290799
binary,9.5500000000000007,0,0,1.0419074634990142
binary,9.6000000000000014,0,0,1.0405970867110366
binary,9.6500000000000004,0,0,1.0392616164451567
binary,9.7000000000000011,0,0,1.0379050450927774
binary,9.75,0,0,1.0365311773215538
binary,9.8000000000000007,0,0,1.0351436178143887
binary,9.8500000000000014,0,0,1.0337457624108923
binary,9.9000000000000004,0,0,1.0323407924321211
binary,9.9500000000000011,0,0,1.0309316719340367
binary,10,0,0,1.0295211476111121
binary,10.050000000000001,0,0,1.0281117510578122
binary,10.100000000000001,0,0,1.0267058030910285
binary,10.15,0,0,1.0253054198395395
binary,10.200000000000001,0,0,1.0239125203158663
binary,10.25,0,0,1.0225288352001352
binary,10.300000000000001,0,0,1.0211559165834063
binary,10.350000000000001,0,0,1.0197951484383658
binary,10.4,0,0,1.0184477576071433
binary,10.450000000000001,0,0,1.0171148251185735
binary,10.5,0,0,1.0157972976696712
binary,10.550000000000001,0,0,1.0144959991279088
binary,10.600000000000001,0,0,1.0132116419316191
binary,10.65,0,0,1.0119448382851752
binary,10.700000000000001,0,0,1.0106961110633166
binary,10.75,0,0,1.0094659043549723
binary,10.800000000000001,0,0,1.0082545935911182
binary,10.850000000000001,0,0,1.00706249521361
binary,10.9,0,0,1.0058898758526171
binary,10.950000000000001,0,0,1.0047369609893153
binary,11,0,0,1.003603943088019
binary,11.050000000000001,0,0,1.0024909891880502
binary,11.100000000000001,0,0,1.0013982479505166
binary,11.15,0,0,1.000325856158929
binary,11.200000000000001,0,0,0.99927394467539921
binary,11.25,0,0,0.99824264385614792
binary,11.300000000000001,0,0,0.99723208843136346
binary,11.350000000000001,0,0,0.99624242185522982
binary,11.4,0,0,0.99527380013230804
binary,11.450000000000001,0,0,0.99432639512651233
binary,11.5,0,0,0.99340039735881147
binary,11.550000000000001,0,0,0.99249601829958922
binary,11.600000000000001,0,0,0.99161349216141947
binary,11.65,0,0,0.99075307719792116
binary,11.700000000000001,0,0,0.98991505651446476
binary,11.75,0,0,0.98909973839684462
binary,11.800000000000001,0,0,0.98830745616466109
binary,11.850000000000001,0,0,0.98753856755717662
binary,11.9,0,0,0.98679345366076454
binary,11.950000000000001,0,0,0.98607251738887436
binary,12,0,0,0.98537618152764261
binary,12.050000000000001,0,0,0.98470488636289277
binary,12.100000000000001,0,0,0.98405908690730026
binary,12.15,0,0,0.98343924974987373
binary,12.200000000000001,0,0,0.98284584955359378
binary,12.25,0,0,0.98227936523100823
binary,12.300000000000001,0,0,0.98174027583167234
binary,12.350000000000001,0,0,0.98122905617952316
binary,12.4,0,0,0.98074617230240491
binary,12.450000000000001,0,0,0.98029207669997209
binary,12.5,0,0,0.97986720349989698
binary,12.550000000000001,0,0,0.97947196355562849
binary,12.600000000000001,0,0,0.9791067395417119
binary,12.65,0,0,0.97877188110478885
binary,12.700000000000001,0,0,0.97846770012973461
binary,12.75,0,0,0.9781944661808305
binary,12.800000000000001,0,0,0.97795240217736423
binary,12.850000000000001,0,0,0.97774168036150089
binary,12.9,0,0,0.97756241861367721
binary,12.950000000000001,0,0,0.97741467716709018
binary,13,0,0,0.97729845576815066
binary,13.050000000000001,0,0,0.97721369132407487
binary,13.100000000000001,0,0,0.97716025607220325
binary,13.15,0,0,0.97713795629826738
binary,13.200000000000001,0,0,0.97714653162285492
binary,13.25,0,0,0.97718565486685449
binary,13.300000000000001,0,0,0.97725493249797202
binary,13.350000000000001,0,0,0.97735390565160152
binary,13.4,0,0,0.97748205171068336
binary,13.450000000000001,0,0,0.97763878642085589
binary,13.5,0,0,0.97782346650938479
binary,13.550000000000001,0,0,0.97803539276924645
binary,13.600000000000001,0,0,0.97827381356346954
binary,13.65,0,0,0.97853792869952771
binary,13.700000000000001,0,0,0.97882689361936059
binary,13.75,0,0,0.97913982384748321
binary,13.800000000000001,0,0,0.9794757996377087
binary,13.850000000000001,0,0,0.9798338707582247
binary,13.9,0,0,0.98021306135509567
binary,13.950000000000001,0,0,0.98061237483566477
binary,14,0,0,0.98103079871569199
binary,14.050000000000001,0,0,0.98146730937729498
binary,14.100000000000001,0,0,0.98192087668872929
binary,14.15,0,0,0.98239046844161282
binary,14.200000000000001,0,0,0.98287505456623891
binary,14.25,0,0,0.98337361109097965
binary,14.300000000000001,0,0,0.98388512381734172
binary,14.350000000000001,0,0,0.9844085916878218
binary,14.4,0,0,0.98494302982928983
binary,14.450000000000001,0,0,0.98548747225999012
binary,14.5,0,0,0.9860409742533931
binary,14.550000000000001,0,0,0.98660261435694718
binary,14.600000000000001,0,0,0.98717149606818311
binary,14.65,0,0,0.98774674917464034
binary,14.700000000000001,0,0,0.98832753076761093
binary,14.75,0,0,0.98891302594278385
binary,14.800000000000001,0,0,0.98950244820347988
binary,14.850000000000001,0,0,0.9900950395843171
binary,14.9,0,0,0.99069007051487312
binary,14.950000000000001,0,0,0.99128683944421281
binary,15,0,0,0.99188467224807864
binary,15.050000000000001,0,0,0.99248292144113381
binary,15.100000000000001,0,0,0.99308096521693578
binary,15.15,0,0,0.99367820633832293
binary,15.200000000000001,0,0,0.99427407090071229
binary,15.25,0,0,0.99486800699039268
binary,15.300000000000001,0,0,0.99545948325936096
binary,15.350000000000001,0,0,0.99604798743756506
binary,15.4,0,0,0.99663302480267202
binary,15.450000000000001,0,0,0.99721411662662385
binary,15.5,0,0,0.9977907986173864
binary,15.550000000000001,0,0,0.99836261937337112
binary,15.600000000000001,0,0,0.998929138867097
binary,15.65,0,0,0.99948992697372208
binary,15.700000000000001,0,0,1.0000445620591505
binary,15.75,0,0,1.0005926296414822
binary,15.800000000000001,0,0,1.0011337211386668
binary,15.850000000000001,0,0,1.0016674327142807
binary,15.9,0,0,1.0021933642324319
binary,15.950000000000001,0,0,1.0027111183318569
binary,16,0,0,1.0032202996283095
binary,16.050000000000001,0,0,1.0037205140533763
binary,16.100000000000001,0,0,1.0042113683368039
binary,16.150000000000002,0,0,1.0046924696383945
binary,16.199999999999999,0,0,1.0051634253343726
binary,16.25,0,0,1.0056238429619671
binary,16.300000000000001,0,0,1.0060733303246931
binary,16.350000000000001,0,0,1.006511495759504
binary,16.400000000000002,0,0,1.0069379485655847
binary,16.449999999999999,0,0,1.0073522995930995
binary,16.5,0,0,1.0077541619886687
binary,16.550000000000001,0,0,1.0081431520927626
binary,16.600000000000001,0,0,1.0085188904825515
binary,16.650000000000002,0,0,1.0088810031520927
binary,16.699999999999999,0,0,1.0092291228200276
binary,16.75,0,0,1.0095628903533016
binary,16.800000000000001,0,0,1.0098819562937598
binary,16.850000000000001,0,0,1.0101859824728885
binary,16.900000000000002,0,0,1.0104746436984873
binary,16.949999999999999,0,0,1.0107476294956799
binary,17,0,0,1.0110046458834645
binary,17.050000000000001,0,0,1.0112454171669794
binary,17.100000000000001,0,0,1.0114696877248719
binary,17.150000000000002,0,0,1.0116772237705882
binary,17.199999999999999,0,0,1.0118678150661558
binary,17.25,0,0,1.0120412765670275
binary,17.300000000000001,0,0,1.0121974499769253
binary,17.350000000000001,0,0,1.0123362051922586
binary,17.400000000000002,0,0,1.0124574416167007
binary,17.449999999999999,0,0,1.012561089327815
binary,17.5,0,0,1.0126471100792465
binary,17.550000000000001,0,0,1.0127154981238973
binary,17.600000000000001,0,0,1.012766280845701
binary,17.650000000000002,0,0,1.0127995191899881
binary,17.699999999999999,0,0,1.0128153078850337
binary,17.75,0,0,1.0128137754501048
binary,17.800000000000001,0,0,1.0127950839881272
binary,17.850000000000001,0,0,1.0127594287639472
binary,17.900000000000002,0,0,1.0127070375719835
binary,17.949999999999999,0,0,1.0126381698998113
binary,18,0,0,1.0125531158968464
binary,18.050000000000001,0,0,1.0124521951597363
binary,18.100000000000001,0,0,1.0123357553482777
binary,18.150000000000002,0,0,1.0122041706476546
binary,18.199999999999999,0,0,1.0120578400944322
binary,18.25,0,0,1.011897185785108
binary,18.300000000000001,0,0,1.0117226509870223
binary,18.350000000000001,0,0,1.0115346981721025
binary,18.400000000000002,0,0,1.0113338069942464
binary,18.449999999999999,0,0,1.011120472231138
binary,18.5,0,0,1.0108952017109745
binary,18.550000000000001,0,0,1.0106585142439468
binary,18.600000000000001,0,0,1.0104109375774328
binary,18.650000000000002,0,0,1.0101530063927264
binary,18.699999999999999,0,0,1.0098852603597863
binary,18.75,0,0,1.0096082422649784
binary,18.800000000000001,0,0,1.0093224962251528
binary,18.850000000000001,0,0,1.0090285659996596
binary,18.900000000000002,0,0,1.0087269934101162
binary,18.949999999999999,0,0,1.0084183168759271
binary,19,0,0,1.0081030700717504
binary,19.050000000000001,0,0,1.0077817807113443
binary,19.100000000000001,0,0,1.0074549694605093
binary,19.150000000000002,0,0,1.0071231489802357
binary,19.200000000000003,0,0,1.0067868230996435
binary,19.25,0,0,1.0064464861168962
binary,19.300000000000001,0,0,1.0061026222250087
binary,19.350000000000001,0,0,1.0057557050583092
binary,19.400000000000002,0,0,1.0054061973543318
binary,19.450000000000003,0,0,1.0050545507250312
binary,19.5,0,0,1.0047012055304929
binary,19.550000000000001,0,0,1.0043465908476918
binary,19.600000000000001,0,0,1.0039911245264037
binary,19.650000000000002,0,0,1.0036352133239843
binary,19.700000000000003,0,0,1.0032792531105015
binary,19.75,0,0,1.0029236291355523
binary,19.800000000000001,0,0,1.0025687163480368
binary,19.850000000000001,0,0,1.0022148797601809
binary,19.900000000000002,0,0,1.0018624748472151
binary,19.950000000000003,0,0,1.001511847974256
binary,20,0,0,1.0011633368421717
binary,20.050000000000001,0,0,1.0008172709444794
binary,20.100000000000001,0,0,1.0004739720276281
binary,20.150000000000002,0,0,1.0001337545473674
binary,20.200000000000003,0,0,0.99979692611429016
binary,20.25,0,0,0.99946378792203461
binary,20.300000000000001,0,0,0.99913463515206569
binary,20.350000000000001,0,0,0.99880975734940602
binary,20.400000000000002,0,0,0.99848943876415808
binary,20.450000000000003,0,0,0.99817395865414515
binary,20.5,0,0,0.99786359154450122
binary,20.550000000000001,0,0,0.99755860744056002
binary,20.600000000000001,0,0,0.99725927199092401
binary,20.650000000000002,0,0,0.99696584659813703
binary,20.700000000000003,0,0,0.99667858847494939
binary,20.75,0,0,0.99639775064471969
binary,20.800000000000001,0,0,0.99612358188509298
binary,20.850000000000001,0,0,0.9958563266146695
binary,20.900000000000002,0,0,0.99559622472297804
binary,20.950000000000003,0,0,0.9953435113446647
binary,21,0,0,0.99509841657941023
binary,21.050000000000001,0,0,0.99486116515967171
binary,21.100000000000001,0,0,0.99463197606895315
binary,21.150000000000002,0,0,0.99441106211386276
binary,21.200000000000003,0,0,0.99419862945378434
binary,21.25,0,0,0.99399487709252388
binary,21.300000000000001,0,0,0.99379999633678084
binary,21.350000000000001,0,0,0.99361417022677834
binary,21.400000000000002,0,0,0.99343757294478285
binary,21.450000000000003,0,0,0.99327036920763279
binary,21.5,0,0,0.99311271364968734
binary,21.550000000000001,0,0,0.99296475020286423
binary,21.600000000000001,0,0,0.99282661148060103
binary,21.650000000000002,0,0,0.99269841817267346
binary,21.700000000000003,0,0,0.99258027845781915
binary,21.75,0,0,0.9924722874410542
binary,21.800000000000001,0,0,0.99237452662240699
binary,21.850000000000001,0,0,0.99228706340356321
binary,21.900000000000002,0,0,0.99220995063858108
binary,21.950000000000003,0,0,0.9921432262344394
binary,22,0,0,0.99208691280667982
binary,22.050000000000001,0,0,0.99204101739485051
binary,22.100000000000001,0,0,0.99200553124183088
binary,22.150000000000002,0,0,0.99198042964042199
binary,22.200000000000003,0,0,0.9919656718498614
binary,22.25,0,0,0.99196120108414121
binary,22.300000000000001,0,0,0.99196694457320589
binary,22.350000000000001,0,0,0.99198281369730346
binary,22.400000000000002,0,0,0.99200870419393539
binary,22.450000000000003,0,0,0.99204449643605597
binary,22.5,0,0,0.99209005577938636
binary,22.550000000000001,0,0,0.99214523297596946
binary,22.600000000000001,0,0,0.99220986465038519
binary,22.650000000000002,0,0,0.99228377383442223
binary,22.700000000000003,0,0,0.99236677055540756
binary,22.75,0,0,0.99245865247291432
binary,22.800000000000001,0,0,0.99255920555813748
binary,22.850000000000001,0,0,0.9926682048098997
binary,22.900000000000002,0,0,0.99278541500099349
binary,22.950000000000003,0,0,0.99291059144841598
binary,23,0,0,0.99304348080097748
binary,23.050000000000001,0,0,0.99318382183778287
binary,23.100000000000001,0,0,0.99333134627117881
binary,23.150000000000002,0,0,0.99348577954793993
binary,23.200000000000003,0,0,0.99364684164271955
binary,23.25,0,0,0.99381424783808792
binary,23.300000000000001,0,0,0.99398770948587545
binary,23.350000000000001,0,0,0.99416693474493489
binary,23.400000000000002,0,0,0.99435162929091625
binary,23.450000000000003,0,0,0.99454149699413208
binary,23.5,0,0,0.99473624056211152
binary,23.550000000000001,0,0,0.99493556214397605
binary,23.600000000000001,0,0,0.99513916389430757
binary,23.650000000000002,0,0,0.99534674849472948
binary,23.700000000000003,0,0,0.99555801963193868
binary,23.75,0,0,0.99577268243147254
binary,23.800000000000001,0,0,0.99599044384697355
binary,23.850000000000001,0,0,0.99621101300521253
binary,23.900000000000002,0,0,0.99643410150757239
binary,23.950000000000003,0,0,0.99665942368912719
binary,24,0,0,0.99688669683682496
binary,24.050000000000001,0,0,0.99711564136865583
binary,24.100000000000001,0,0,0.99734598097598315
binary,24.150000000000002,0,0,0.99757744273151827
binary,24.200000000000003,0,0,0.99780975716563736
binary,24.25,0,0,0.99804265831397065
binary,24.300000000000001,0,0,0.99827588373933707
binary,24.350000000000001,0,0,0.99850917453125221
binary,24.400000000000002,0,0,0.99874227528632287
binary,24.450000000000003,0,0,0.99897493407290494
binary,24.5,0,0,0.99920690238344656
binary,24.550000000000001,0,0,0.99943793507791878
binary,24.600000000000001,0,0,0.99966779032172837
binary,24.650000000000002,0,0,0.99989622952143264
binary,24.700000000000003,0,0,1.0001230172615043
binary,24.75,0,0,1.0003479212452804
binary,24.800000000000001,0,0,1.0005707122430927
binary,24.850000000000001,0,0,1.0007911640504263
binary,24.900000000000002,0,0,1.0010090534587677
binary,24.950000000000003,0,0,1.0012241602416112
binary,25,0,0,1.0014362671578649
binary,25.050000000000001,0,0,1.0016451599746707
binary,25.100000000000001,0,0,1.0018506275113856
binary,25.150000000000002,0,0,1.0020524617062141
binary,25.200000000000003,0,0,1.0022504577066849
binary,25.25,0,0,1.0024444139848798
binary,25.300000000000001,0,0,1.0026341324780017
binary,25.350000000000001,0,0,1.0028194187545596
binary,25.400000000000002,0,0,1.003000082206122
binary,25.450000000000003,0,0,1.0031759362642629
binary,25.5,0,0,1.0033467986419853
binary,25.550000000000001,0,0,1.0035124915985891
binary,25.600000000000001,0,0,1.0036728422266163
binary,25.650000000000002,0,0,1.0038276827591948
binary,25.700000000000003,0,0,1.0039768508957814
binary,25.75,0,0,1.0041201901440311
binary,25.800000000000001,0,0,1.0042575501752278
binary,25.850000000000001,0,0,1.0043887871904662
binary,25.900000000000002,0,0,1.0045137642945459
binary,25.950000000000003,0,0,1.0046323518743443
binary,26,0,0,1.0047444279782622
binary,26.050000000000001,0,0,1.0048498786932123
binary,26.100000000000001,0,0,1.0049485985155278
binary,26.150000000000002,0,0,1.0050404907121233
binary,26.200000000000003,0,0,1.0051254676682237
binary,26.25,0,0,1.0052034512180248
binary,26.300000000000001,0,0,1.0052743729547287
binary,26.350000000000001,0,0,1.0053381745165231
binary,26.400000000000002,0,0,1.0053948078452504
binary,26.450000000000003,0,0,1.0054442354147233
binary,26.5,0,0,1.0054864304259046
binary,26.550000000000001,0,0,1.0055213769664602
binary,26.600000000000001,0,0,1.005549070132524
binary,26.650000000000002,0,0,1.005569516110872
binary,26.700000000000003,0,0,1.0055827322200868
binary,26.75,0,0,1.0055887469096951
binary,26.800000000000001,0,0,1.005587599716683
binary,26.850000000000001,0,0,1.0055793411792169
binary,26.900000000000002,0,0,1.0055640327078197
binary,26.950000000000003,0,0,1.0055417464146919
binary,27,0,0,1.0055125649022576
binary,27.050000000000001,0,0,1.0054765810124309
binary,27.100000000000001,0,0,1.0054338975384611
binary,27.150000000000002,0,0,1.0053846269015674
binary,27.200000000000003,0,0,1.0053288907948841
binary,27.25,0,0,1.0052668197975239
binary,27.300000000000001,0,0,1.0051985529617971
binary,27.350000000000001,0,0,1.0051242373768303
binary,27.400000000000002,0,0,1.0050440277119808
binary,27.450000000000003,0,0,1.0049580857435467
binary,27.5,0,0,1.0048665798683503
binary,27.550000000000001,0,0,1.0047696846077714
binary,27.600000000000001,0,0,1.0046675801058107
binary,27.650000000000002,0,0,1.0045604516246758
binary,27.700000000000003,0,0,1.004448489041287
binary,27.75,0,0,1.0043318863479682
binary,27.800000000000001,0,0,1.0042108411603998
binary,27.850000000000001,0,0,1.0040855542357234
binary,27.900000000000002,0,0,1.0039562290034552
binary,27.950000000000003,0,0,1.0038230711116121
binary,28,0,0,1.0036862879902113
binary,28.050000000000001,0,0,1.0035460884339966
binary,28.100000000000001,0,0,1.0034026822059896
binary,28.150000000000002,0,0,1.0032562796631588
binary,28.200000000000003,0,0,1.0031070914052111
binary,28.25,0,0,1.0029553279472292
binary,28.300000000000001,0,0,1.002801199416596
binary,28.350000000000001,0,0,1.0026449152743702
binary,28.400000000000002,0,0,1.0024866840610276
binary,28.450000000000003,0,0,1.002326713166225
binary,28.5,0,0,1.0021652086220285
binary,28.550000000000001,0,0,1.0020023749188156
binary,28.600000000000001,0,0,1.0018384148428872
binary,28.650000000000002,0,0,1.0016735293346346
binary,28.700000000000003,0,0,1.0015079173659627
binary,28.75,0,0,1.0013417758355259
binary,28.800000000000001,0,0,1.0011752994802372
binary,28.850000000000001,0,0,1.0010086808013958
binary,28.900000000000002,0,0,1.0008421100037241
binary,28.950000000000003,0,0,1.0006757749455466
binary,29,0,0,1.0005098610983061
binary,29.050000000000001,0,0,1.000344551513606
binary,29.100000000000001,0,0,1.0001800267959675
binary,29.150000000000002,0,0,1.0000164650795125
binary,29.200000000000003,0,0,0.99985404200682104
binary,29.25,0,0,0.99969293070826892
binary,29.300000000000001,0,0,0.99953330178021538
binary,29.350000000000001,0,0,0.99937532326050182
binary,29.400000000000002,0,0,0.99921916059980453
binary,29.450000000000003,0,0,0.9990649766275097
binary,29.5,0,0,0.99891293151088489
binary,29.550000000000001,0,0,0.99876318270645814
binary,29.600000000000001,0,0,0.99861588490265063
binary,29.650000000000002,0,0,0.99847118995285666
binary,29.700000000000003,0,0,0.99832924679831914
binary,29.75,0,0,0.99819020138031
binary,29.800000000000001,0,0,0.99805419654128014
binary,29.850000000000001,0,0,0.99792137191482466
binary,29.900000000000002,0,0,0.99779186380446461
binary,29.950000000000003,0,0,0.99766580505142588
binary,30,0,0,0.99754332489176079
binary,0,0,1,-0.33425153815276648
binary,0.050000000000000003,0,1,-0.33427552528269056
binary,0.10000000000000001,0,1,-0.33434747960661831
binary,0.15000000000000002,0,1,-0.33446737310326347
binary,0.20000000000000001,0,1,-0.33463516113130359
binary,0.25,0,1,-0.33485077933814072
binary,0.30000000000000004,0,1,-0.33511414284522334
binary,0.35000000000000003,0,1,-0.33542514461864192
binary,0.40000000000000002,0,1,-0.33578365344991418
binary,0.45000000000000001,0,1,-0.33618951152017956
binary,0.5,0,1,-0.33664253153866563
binary,0.55000000000000004,0,1,-0.33714249342326885
binary,0.60000000000000009,0,1,-0.33768914049305254
binary,0.65000000000000002,0,1,-0.3382821751417498
binary,0.70000000000000007,0,1,-0.33892125395218142
binary,0.75,0,1,-0.33960598220957755
binary,0.80000000000000004,0,1,-0.34033590776500694
binary,0.85000000000000009,0,1,-0.34111051419590582
binary,0.90000000000000002,0,1,-0.34192921320415504
binary,0.95000000000000007,0,1,-0.34279133618635732
binary,1,0,1,-0.34369612490419554
binary,1.05,0,1,-0.34464272117597944
binary,1.1000000000000001,0,1,-0.34563015550302356
binary,1.1500000000000001,0,1,-0.34665733453665526
binary,1.2000000000000002,0,1,-0.34772302728363425
binary,1.25,0,1,-0.34882584993914262
binary,1.3,0,1,-0.34996424922779118
binary,1.3500000000000001,0,1,-0.35113648412410597
binary,1.4000000000000001,0,1,-0.35234060581481896
binary,1.4500000000000002,0,1,-0.35357443575642589
binary,1.5,0,1,-0.35483554167275383
binary,1.55,0,1,-0.35612121132922464
binary,1.6000000000000001,0,1,-0.35742842391337998
binary,1.6500000000000001,0,1,-0.35875381884555629
binary,1.7000000000000002,0,1,-0.36009366183983904
binary,1.75,0,1,-0.36144380803448112
binary,1.8,0,1,-0.36279966201349562
binary,1.8500000000000001,0,1,-0.36415613454842066
binary,1.9000000000000001,0,1,-0.36550759590247645
binary,1.9500000000000002,0,1,-0.36684782556010803
binary,2,0,1,-0.36816995827515397
binary,2.0500000000000003,0,1,-0.36946642637276667
binary,2.1000000000000001,0,1,-0.37072889829642747
binary,2.1499999999999999,0,1,-0.37194821346494156
binary,2.2000000000000002,0,1,-0.37311431359873226
binary,2.25,0,1,-0.37421617079401664
binary,2.3000000000000003,0,1,-0.37524171277203583
binary,2.3500000000000001,0,1,-0.3761777459133156
binary,2.4000000000000004,0,1,-0.37700987690920312
binary,2.4500000000000002,0,1,-0.37772243413012641
binary,2.5,0,1,-0.37829839012761252
binary,2.5500000000000003,0,1,-0.37871928706016172
binary,2.6000000000000001,0,1,-0.37896516726582719
binary,2.6500000000000004,0,1,-0.37901451169957168
binary,2.7000000000000002,0,1,-0.37884418951145216
binary,2.75,0,1,-0.37842942265934232
binary,2.8000000000000003,0,1,-0.37774377011916654
binary,2.8500000000000001,0,1,-0.3767591369619448
binary,2.9000000000000004,0,1,-0.37544581428732876
binary,2.9500000000000002,0,1,-0.37377255670415627
binary,3,0,1,-0.37170670468364958
binary,3.0500000000000003,0,1,-0.36921435961924792
binary,3.1000000000000001,0,1,-0.36626061973166407
binary,3.1500000000000004,0,1,-0.36280988496475874
binary,3.2000000000000002,0,1,-0.35882623861783081
binary,3.25,0,1,-0.35427391253112173
binary,3.3000000000000003,0,1,-0.34911784105589189
binary,3.3500000000000001,0,1,-0.34332430667469788
binary,3.4000000000000004,0,1,-0.3368616768865606
binary,3.4500000000000002,0,1,-0.32970122776849337
binary,3.5,0,1,-0.32181804446341306
binary,3.5500000000000003,0,1,-0.31319198280560934
binary,3.6000000000000001,0,1,-0.3038086695717272
binary,3.6500000000000004,0,1,-0.29366051176382046
binary,3.7000000000000002,0,1,-0.28274767836159515
binary,3.75,0,1,-0.27107901173212096
binary,3.8000000000000003,0,1,-0.25867282107648876
binary,3.8500000000000001,0,1,-0.24555750769973883
binary,3.9000000000000004,0,1,-0.23177197226323326
binary,3.9500000000000002,0,1,-0.21736575813797385
binary,4,0,1,-0.20239889289812169
binary,4.0499999999999998,0,1,-0.18694140189557273
binary,4.1000000000000005,0,1,-0.1710724833207076
binary,4.1500000000000004,0,1,-0.15487935229385796
binary,4.2000000000000002,0,1,-0.13845578102588649
binary,4.25,0,1,-0.12190038129214191
binary,4.2999999999999998,0,1,-0.10531469259723987
binary,4.3500000000000005,0,1,-0.088801152766287847
binary,4.4000000000000004,0,1,-0.072461035894858028
binary,4.4500000000000002,0,1,-0.056392444755520438
binary,4.5,0,1,-0.04068844066985218
binary,4.5499999999999998,0,1,-0.025435383967408475
binary,4.6000000000000005,0,1,-0.010711543531717842
binary,4.6500000000000004,0,1,0.0034139839085011391
binary,4.7000000000000002,0,1,0.016882023401227037
binary,4.75,0,1,0.02964373801100342
binary,4.8000000000000007,0,1,0.041660726624655219
binary,4.8500000000000005,0,1,0.052904832542111167
binary,4.9000000000000004,0,1,0.063357702652035497
binary,4.9500000000000002,0,1,0.073010143620363011
binary,5,0,1,0.081861324341938435
binary,5.0500000000000007,0,1,0.089917873380626526
binary,5.1000000000000005,0,1,0.097192916912429317
binary,5.1500000000000004,0,1,0.10370509754059809
binary,5.2000000000000002,0,1,0.10947760801806022
binary,5.25,0,1,0.11453726706185682
binary,5.3000000000000007,0,1,0.11891365762865955
binary,5.3500000000000005,0,1,0.12263834165343347
binary,5.4000000000000004,0,1,0.12574415961095295
binary,5.4500000000000002,0,1,0.12826461849489817
binary,5.5,0,1,0.13023336797332891
binary,5.5500000000000007,0,1,0.1316837615479515
binary,5.6000000000000005,0,1,0.13264849744144855
binary,5.6500000000000004,0,1,0.1331593325552031
binary,5.7000000000000002,0,1,0.13324686205840663
binary,5.75,0,1,0.13294035686726083
binary,5.8000000000000007,0,1,0.13226765133588969
binary,5.8500000000000005,0,1,0.13125507380765536
binary,5.9000000000000004,0,1,0.1299274131810868
binary,5.9500000000000002,0,1,0.12830791525868845
binary,6,0,1,0.12641830331464654
binary,6.0500000000000007,0,1,0.12427881799750533
binary,6.1000000000000005,0,1,0.12190827234641487
binary,6.1500000000000004,0,1,0.11932411832423191
binary,6.2000000000000002,0,1,0.11654252184482307
binary,6.25,0,1,0.11357844378842884
binary,6.3000000000000007,0,1,0.11044572495526651
binary,6.3500000000000005,0,1,0.10715717330410618
binary,6.4000000000000004,0,1,0.10372465216183308
binary,6.4500000000000002,0,1,0.10015916837581303
binary,6.5,0,1,0.096470959617673296
binary,6.5500000000000007,0,1,0.092669580239694752
binary,6.6000000000000005,0,1,0.08876398523813725
binary,6.6500000000000004,0,1,0.084762611996054296
binary,6.7000000000000002,0,1,0.08067345956575156
binary,6.75,0,1,0.076504165311879826
binary,6.8000000000000007,0,1,0.07226207877374155
binary,6.8500000000000005,0,1,0.067954332622870428
binary,6.9000000000000004,0,1,0.063587910592162247
binary,6.9500000000000002,0,1,0.059169712238372703
binary,7,0,1,0.054706614373057336
binary,7.0500000000000007,0,1,0.050205528960302309
binary,7.1000000000000005,0,1,0.045673457235139617
binary,7.1500000000000004,0,1,0.04111753974663316
binary,7.2000000000000002,0,1,0.036545101976675244
binary,7.25,0,1,0.031963695132053889
binary,7.3000000000000007,0,1,0.027381131656104462
binary,7.3500000000000005,0,1,0.022805514960177735
binary,7.4000000000000004,0,1,0.018245262837397393
binary,7.4500000000000002,0,1,0.013709123995108591
binary,7.5,0,1,0.0092061871314763049
binary,7.5500000000000007,0,1,0.0047458819893796429
binary,7.6000000000000005,0,1,0.00033797185044057311
binary,7.6500000000000004,0,1,-0.0040074630131986307
binary,7.7000000000000002,0,1,-0.0082800513292757023
binary,7.75,0,1,-0.012469166545908284
binary,7.8000000000000007,0,1,-0.016563972427690851
binary,7.8500000000000005,0,1,-0.020553478500381753
binary,7.9000000000000004,0,1,-0.024426605116420492
binary,7.9500000000000002,0,1,-0.028172257687979454
binary,8,0,1,-0.031779409389191896
binary,8.0500000000000007,0,1,-0.035237191371658837
binary,8.0999999999999996,0,1,-0.038534989276099066
binary,8.1500000000000004,0,1,-0.04166254456830501
binary,8.2000000000000011,0,1,-0.044610058990780077
binary,8.25,0,1,-0.047368300214522298
binary,8.3000000000000007,0,1,-0.049928706610301535
binary,8.3499999999999996,0,1,-0.052283488946637167
binary,8.4000000000000004,0,1,-0.054425726772136508
binary,8.4500000000000011,0,1,-0.056349457260244193
binary,8.5,0,1,-0.058049754389168887
binary,8.5500000000000007,0,1,-0.059522796499663057
binary,8.5999999999999996,0,1,-0.060765920515520738
binary,8.6500000000000004,0,1,-0.061777661419317224
binary,8.7000000000000011,0,1,-0.062557775938558796
binary,8.75,0,1,-0.063107249801393012
binary,8.8000000000000007,0,1,-0.063428288350237019
binary,8.8499999999999996,0,1,-0.063524290738500147
binary,8.9000000000000004,0,1,-0.063399808361946114
binary,8.9500000000000011,0,1,-0.063060488574727791
binary,9,0,1,-0.062513005094994301
binary,9.0500000000000007,0,1,-0.061764976803059569
binary,9.0999999999999996,0,1,-0.06082487686654104
binary,9.1500000000000004,0,1,-0.059701934285460445
binary,9.2000000000000011,0,1,-0.058406030033729975
binary,9.25,0,1,-0.056947589983173674
binary,9.3000000000000007,0,1,-0.055337476737083377
binary,9.3499999999999996,0,1,-0.053586882379948561
binary,9.4000000000000004,0,1,-0.051707223978238605
binary,9.4500000000000011,0,1,-0.049710043455161876
binary,9.5,0,1,-0.047606913221998066
binary,9.5500000000000007,0,1,-0.045409348691669779
binary,9.6000000000000014,0,1,-0.043128728537750245
binary,9.6500000000000004,0,1,-0.040776223304002421
binary,9.7000000000000011,0,1,-0.038362732724228174
binary,9.75,0,1,-0.035898831886352948
binary,9.8000000000000007,0,1,-0.033394726173220084
binary,9.8500000000000014,0,1,-0.030860214738716425
binary,9.9000000000000004,0,1,-0.028304662133192979
binary,9.9500000000000011,0,1,-0.025736977576907127
binary,10,0,1,-0.023165601293433525
binary,10.050000000000001,0,1,-0.020598497254821609
binary,10.100000000000001,0,1,-0.018043151654217805
binary,10.15,0,1,-0.015506576406770884
binary,10.200000000000001,0,1,-0.012995316982773205
binary,10.25,0,1,-0.010515463894959982
binary,10.300000000000001,0,1,-0.00807266719160093
binary,10.350000000000001,0,1,-0.0056721533456008059
binary,10.4,0,1,-0.0033187439746379947
binary,10.450000000000001,0,1,-0.0010168758761402586
binary,10.5,0,1,0.0012293780883534642
binary,10.550000000000001,0,1,0.003416287673785779
binary,10.600000000000001,0,1,0.0055404438612868265
binary,10.65,0,1,0.0075987377129137015
binary,10.700000000000001,0,1,0.009588339741759459
binary,10.75,0,1,0.011506680025337364
binary,10.800000000000001,0,1,0.013351429251161971
binary,10.850000000000001,0,1,0.015120480848022245
binary,10.9,0,1,0.016811934324573154
binary,10.950000000000001,0,1,0.018424079908434855
binary,11,0,1,0.019955384553786867
binary,11.050000000000001,0,1,0.021404479363232087
binary,11.100000000000001,0,1,0.022770148450181465
binary,11.15,0,1,0.024051319250877619
binary,11.200000000000001,0,1,0.025247054280106609
binary,11.25,0,1,0.02635654431133989
binary,11.300000000000001,0,1,0.027379102950200133
binary,11.350000000000001,0,1,0.028314162559474644
binary,11.4,0,1,0.029161271484165849
binary,11.450000000000001,0,1,0.029920092516036178
binary,11.5,0,1,0.030590402528595833
binary,11.550000000000001,0,1,0.031172093205340926
binary,11.600000000000001,0,1,0.031665172776156852
binary,11.65,0,1,0.032069768669093265
binary,11.700000000000001,0,1,0.032386130977141485
binary,11.75,0,1,0.032614636632220938
binary,11.800000000000001,0,1,0.032755794171339322
binary,11.850000000000001,0,1,0.032810248972919336
binary,11.9,0,1,0.032778788834693658
binary,11.950000000000001,0,1,0.032662349758514675
binary,12,0,1,0.032462021802077079
binary,12.050000000000001,0,1,0.032179054853118061
binary,12.100000000000001,0,1,0.031814864178357813
binary,12.15,0,1,0.03137103559750528
binary,12.200000000000001,0,1,0.030849330132312214
binary,12.25,0,1,0.030251687982142565
binary,12.300000000000001,0,1,0.029580231681040268
binary,12.350000000000001,0,1,0.028837268297015314
binary,12.4,0,1,0.028025290542364772
binary,12.450000000000001,0,1,0.027146976674407266
binary,12.5,0,1,0.026205189079068648
binary,12.550000000000001,0,1,0.025202971445292204
binary,12.600000000000001,0,1,0.02414354445615597
binary,12.65,0,1,0.023030299942684469
binary,12.700000000000001,0,1,0.021866793468388747
binary,12.75,0,1,0.020656735336216387
binary,12.800000000000001,0,1,0.019403980034436333
binary,12.850000000000001,0,1,0.018112514163546894
binary,12.9,0,1,0.016786442912045646
binary,12.950000000000001,0,1,0.015429975174272611
binary,13,0,1,0.014047407427940884
binary,13.050000000000001,0,1,0.012643106511799167
binary,13.100000000000001,0,1,0.01122149146456441
binary,13.15,0,1,0.0097870146042666906
binary,13.200000000000001,0,1,0.0083441420419915063
binary,13.25,0,1,0.0068973338352784387
binary,13.300000000000001,0,1,0.0054510239938306204
binary,13.350000000000001,0,1,0.0040096005535055681
binary,13.4,0,1,0.0025773859336959775
binary,13.450000000000001,0,1,0.00115861778821314
binary,13.5,0,1,-0.00024256944921306485
binary,13.550000000000001,0,1,-0.0016221621364403507
binary,13.600000000000001,0,1,-0.0029762839391541604
binary,13.65,0,1,-0.0043012111386151351
binary,13.700000000000001,0,1,-0.0055933865991306952
binary,13.75,0,1,-0.0068494322867553355
binary,13.800000000000001,0,1,-0.008066160255246457
binary,13.850000000000001,0,1,-0.0092405820404513686
binary,13.9,0,1,-0.010369916429477126
binary,13.950000000000001,0,1,-0.01145159559562845
binary,14,0,1,-0.012483269613667931
binary,14.050000000000001,0,1,-0.013462809391994972
binary,14.100000000000001,0,1,-0.014388308078463672
binary,14.15,0,1,-0.015258081014454051
binary,14.200000000000001,0,1,-0.016070664327241753
binary,14.25,0,1,-0.016824812263527236
binary,14.300000000000001,0,1,-0.01751949337712241
binary,14.350000000000001,0,1,-0.018153885691242461
binary,14.4,0,1,-0.018727370960690871
binary,14.450000000000001,0,1,-0.019239528161576661
binary,14.5,0,1,-0.01969012633624001
binary,14.550000000000001,0,1,-0.020079116918994781
binary,14.600000000000001,0,1,-0.020406625664359253
binary,14.65,0,1,-0.020672944293897422
binary,14.700000000000001,0,1,-0.020878521970884679
binary,14.75,0,1,-0.021023956704013715
binary,14.800000000000001,0,1,-0.021109986772513429
binary,14.850000000000001,0,1,-0.021137482255607385
binary,14.9,0,1,-0.021107436739411938
binary,14.950000000000001,0,1,-0.021020959264363679
binary,15,0,1,-0.020879266566251314
binary,15.050000000000001,0,1,-0.020683675654060915
binary,15.100000000000001,0,1,-0.020435596758253908
binary,15.15,0,1,-0.020136526673889751
binary,15.200000000000001,0,1,-0.019788042514266184
binary,15.25,0,1,-0.019391795882538383
binary,15.300000000000001,0,1,-0.018949507461144578
binary,15.350000000000001,0,1,-0.018462962011837173
binary,15.4,0,1,-0.017934003772712235
binary,15.450000000000001,0,1,-0.017364532232854279
binary,15.5,0,1,-0.01675649826006537
binary,15.550000000000001,0,1,-0.016111900552617523
binary,15.600000000000001,0,1,-0.015432782382048503
binary,15.65,0,1,-0.014721228590694115
binary,15.700000000000001,0,1,-0.013979362804904286
binary,15.75,0,1,-0.013209344822710302
binary,15.800000000000001,0,1,-0.012413368133083602
binary,15.850000000000001,0,1,-0.011593657522845358
binary,15.9,0,1,-0.010752466726737235
binary,15.950000000000001,0,1,-0.0098920760761514129
binary,16,0,1,-0.0090147901025307911
binary,16.050000000000001,0,1,-0.0081229350524920588
binary,16.100000000000001,0,1,-0.0072188562732999964
binary,16.150000000000002,0,1,-0.0063049154294212558
binary,16.199999999999999,0,1,-0.0053834875135241886
binary,16.25,0,1,-0.0044569576184535342
binary,16.300000000000001,0,1,-0.0035277174404036776
binary,16.350000000000001,0,1,-0.0025981614877146819
binary,16.400000000000002,0,1,-0.0016706829744267632
binary,16.449999999999999,0,1,-0.00074766938290709824
binary,16.5,0,1,0.00016850231451133362
binary,16.550000000000001,0,1,0.0010754707789138742
binary,16.600000000000001,0,1,0.0019708957708779325
binary,16.650000000000002,0,1,0.0028524639502519045
binary,16.699999999999999,0,1,0.0037178949938066084
binary,16.75,0,1,0.0045649480079648346
binary,16.800000000000001,0,1,0.0053914282068463059
binary,16.850000000000001,0,1,0.0061951938190008514
binary,16.900000000000002,0,1,0.0069741631795603061
binary,16.949999999999999,0,1,0.0077263219582511429
binary,17,0,1,0.0084497304679027295
binary,17.050000000000001,0,1,0.0091425309928921117
binary,17.100000000000001,0,1,0.0098029550725170535
binary,17.150000000000002,0,1,0.010429330670702263
binary,17.199999999999999,0,1,0.011020089160833401
binary,17.25,0,1,0.011573772052976977
binary,17.300000000000001,0,1,0.012089037390356874
binary,17.350000000000001,0,1,0.012564665742780099
binary,17.400000000000002,0,1,0.012999565726763572
binary,17.449999999999999,0,1,0.013392778985417322
binary,17.5,0,1,0.013743484565661901
binary,17.550000000000001,0,1,0.01405100263604208
binary,17.600000000000001,0,1,0.014314797495168842
binary,17.650000000000002,0,1,0.01453447982855505
binary,17.699999999999999,0,1,0.01470980818017994
binary,17.75,0,1,0.0148406896143568
binary,17.800000000000001,0,1,0.014927179553211566
binary,17.850000000000001,0,1,0.014969480785114692
binary,17.900000000000002,0,1,0.014967941649544236
binary,17.949999999999999,0,1,0.014923053413891487
binary,18,0,1,0.014835446867451628
binary,18.050000000000001,0,1,0.014705888167080208
binary,18.100000000000001,0,1,0.014535273977563743
binary,18.150000000000002,0,1,0.014324625957492355
binary,18.199999999999999,0,1,0.014075084648198106
binary,18.25,0,1,0.013787902829026246
binary,18.300000000000001,0,1,0.013464438406757765
binary,18.350000000000001,0,1,0.013106146910348018
binary,18.400000000000002,0,1,0.012714573664269879
binary,18.449999999999999,0,1,0.012291345714656428
binary,18.5,0,1,0.011838163582164933
binary,18.550000000000001,0,1,0.011356792914092091
binary,18.600000000000001,0,1,0.010849056105841406
binary,18.650000000000002,0,1,0.010316823958480765
binary,18.699999999999999,0,1,0.0097620074349462765
binary,18.75,0,1,0.0091865495725722054
binary,18.800000000000001,0,1,0.0085924176041943887
binary,18.850000000000001,0,1,0.0079815953342111893
binary,18.900000000000002,0,1,0.0073560758098387153
binary,18.949999999999999,0,1,0.0067178543214828235
binary,19,0,1,0.0060689217598004453
binary,19.050000000000001,0,1,0.0054112583507462944
binary,19.100000000000001,0,1,0.0047468277837987155
binary,19.150000000000002,0,1,0.004077571742723194
binary,19.200000000000003,0,1,0.0034054048427341402
binary,19.25,0,1,0.0027322099728228993
binary,19.300000000000001,0,1,0.0020598340373749434
binary,19.350000000000001,0,1,0.0013900840870433077
binary,19.400000000000002,0,1,0.00072472382519596921
binary,19.450000000000003,0,1,6.547047312927699e-05
binary,19.5,0,1,-0.00058600802536461357
binary,19.550000000000001,0,1,-0.0012280954815770658
binary,19.600000000000001,0,1,-0.0018592296446935401
binary,19.650000000000002,0,1,-0.0024779041140300484
binary,19.700000000000003,0,1,-0.0030826700055372699
binary,19.75,0,1,-0.0036721373976431218
binary,19.800000000000001,0,1,-0.0042449765813370628
binary,19.850000000000001,0,1,-0.0047999191388739563
binary,19.900000000000002,0,1,-0.0053357588746273648
binary,19.950000000000003,0,1,-0.0058513526204833849
binary,20,0,1,-0.0063456209367760766
binary,20.050000000000001,0,1,-0.0068175487281535441
binary,20.100000000000001,0,1,-0.0072661857919664756
binary,20.150000000000002,0,1,-0.0076906473148184839
binary,20.200000000000003,0,1,-0.008090114330839674
binary,20.25,0,1,-0.0084638341530719041
binary,20.300000000000001,0,1,-0.0088111207871132708
binary,20.350000000000001,0,1,-0.0091313553338858953
binary,20.400000000000002,0,1,-0.0094239863860925248
binary,20.450000000000003,0,1,-0.0096885304206354977
binary,20.5,0,1,-0.0099245721870126844
binary,20.550000000000001,0,1,-0.010131765089499428
binary,20.600000000000001,0,1,-0.010309831558797869
binary,20.650000000000002,0,1,-0.010458563406806429
binary,20.700000000000003,0,1,-0.01057782215625391
binary,20.75,0,1,-0.010667539335177324
binary,20.800000000000001,0,1,-0.010727716724619895
binary,20.850000000000001,0,1,-0.010758426546506458
binary,20.900000000000002,0,1,-0.01075981157743779
binary,20.950000000000003,0,1,-0.010732085173151173
binary,21,0,1,-0.010675531187639293
binary,21.050000000000001,0,1,-0.010590503770419984
binary,21.100000000000001,0,1,-0.010477427025217657
binary,21.150000000000002,0,1,-0.010336794513365914
binary,21.200000000000003,0,1,-0.010169168585577855
binary,21.25,0,1,-0.0099751795263607525
binary,21.300000000000001,0,1,-0.009755524496276681
binary,21.350000000000001,0,1,-0.0095109662584677325
binary,21.400000000000002,0,1,-0.0092423316773647349
binary,21.450000000000003,0,1,-0.0089505099792723773
binary,21.5,0,1,-0.0086364507665516281
binary,21.550000000000001,0,1,-0.0083011617793813369
binary,21.600000000000001,0,1,-0.0079457064015488882
binary,21.650000000000002,0,1,-0.0075712009093598298
binary,21.700000000000003,0,1,-0.0071788114655366199
binary,21.75,0,1,-0.0067697508628521011
binary,21.800000000000001,0,1,-0.0063452750251745734
binary,21.850000000000001,0,1,-0.0059066792765393285
binary,21.900000000000002,0,1,-0.0054552943917591775
binary,21.950000000000003,0,1,-0.0049924824448962807
binary,22,0,1,-0.0045196324745889142
binary,22.050000000000001,0,1,-0.0040381559877138888
binary,22.100000000000001,0,1,-0.0035494823251236759
binary,22.150000000000002,0,1,-0.0030550539151836353
binary,22.200000000000003,0,1,-0.0025563214425149109
binary,22.25,0,1,-0.0020547389606896034
binary,22.300000000000001,0,1,-0.0015517589786007992
binary,22.350000000000001,0,1,-0.0010488275508253105
binary,22.400000000000002,0,1,-0.00054737940249682912
binary,22.450000000000003,0,1,-4.8833119012118748e-05
binary,22.5,0,1,0.00044541356969589622
binary,22.550000000000001,0,1,0.00093398838155407215
binary,22.600000000000001,0,1,0.0014155489239783552
binary,22.650000000000002,0,1,0.0018887869589699167
binary,22.700000000000003,0,1,0.002352432467877873
binary,22.75,0,1,0.0028052574942660372
binary,22.800000000000001,0,1,0.0032460797457807152
binary,22.850000000000001,0,1,0.0036737659385563848
binary,22.900000000000002,0,1,0.0040872348704698025
binary,22.950000000000003,0,1,0.0044854602124098589
binary,23,0,1,0.0048674730096259075
binary,23.050000000000001,0,1,0.0052323638881010244
binary,23.100000000000001,0,1,0.0055792849637260758
binary,23.150000000000002,0,1,0.0059074514547838098
binary,23.200000000000003,0,1,0.0062161430008491206
binary,23.25,0,1,0.0065047046936398045
binary,23.300000000000001,0,1,0.0067725478275836755
binary,23.350000000000001,0,1,0.0070191503798748322
binary,23.400000000000002,0,1,0.0072440572315606222
binary,23.450000000000003,0,1,0.0074468801427124863
binary,23.5,0,1,0.0076272974959850203
binary,23.550000000000001,0,1,0.0077850538238521004
binary,23.600000000000001,0,1,0.0079199591355282283
binary,23.650000000000002,0,1,0.0080318880600460975
binary,23.700000000000003,0,1,0.0081207788221731476
binary,23.75,0,1,0.0081866320678273402
binary,23.800000000000001,0,1,0.0082295095554093464
binary,23.850000000000001,0,1,0.0082495327290241696
binary,23.900000000000002,0,1,0.0082468811889391102
binary,23.950000000000003,0,1,0.0082217910738394094
binary,24,0,1,0.0081745533685191607
binary,24.050000000000001,0,1,0.0081055121496066123
binary,24.100000000000001,0,1,0.0080150627807922138
binary,24.150000000000002,0,1,0.0079036500678268205
binary,24.200000000000003,0,1,0.007771766382309162
binary,24.25,0,1,0.0076199497620058482
binary,24.300000000000001,0,1,0.0074487819941645292
binary,24.350000000000001,0,1,0.0072588866870103661
binary,24.400000000000002,0,1,0.0070509273333741705
binary,24.450000000000003,0,1,0.0068256053692053158
binary,24.5,0,1,0.0065836582285865013
binary,24.550000000000001,0,1,0.0063258573958066564
binary,24.600000000000001,0,1,0.0060530064540721398
binary,24.650000000000002,0,1,0.0057659391295568655
binary,24.700000000000003,0,1,0.0054655173287190221
binary,24.75,0,1,0.0051526291661515298
binary,24.800000000000001,0,1,0.004828186979693754
binary,24.850000000000001,0,1,0.0044931253291175021
binary,24.900000000000002,0,1,0.0041483989744153038
binary,24.950000000000003,0,1,0.0037949808295659701
binary,25,0,1,0.003433859887632926
binary,25.050000000000001,0,1,0.003066039113164643
binary,25.100000000000001,0,1,0.0026925332981125377
binary,25.150000000000002,0,1,0.0023143668778572626
binary,25.200000000000003,0,1,0.0019325717044349966
binary,25.25,0,1,0.0015481847746759839
binary,25.300000000000001,0,1,0.0011622459117004472
binary,25.350000000000001,0,1,0.00077579539905534825
binary,25.400000000000002,0,1,0.00038987156770455223
binary,25.450000000000003,0,1,5.508337101255893e-06
binary,25.5,0,1,-0.00037626728734779525
binary,25.550000000000001,0,1,-0.00075443775697849058
binary,25.600000000000001,0,1,-0.0011279975581013808
binary,25.650000000000002,0,1,-0.0014959558199484394
binary,25.700000000000003,0,1,-0.0018573389453104025
binary,25.75,0,1,-0.0022111932556562728
binary,25.800000000000001,0,1,-0.0025565876413744292
binary,25.850000000000001,0,1,-0.0028926162066799082
binary,25.900000000000002,0,1,-0.0032184008977123747
binary,25.950000000000003,0,1,-0.0035330941014226984
binary,26,0,1,-0.0038358812020350221
binary,26.050000000000001,0,1,-0.0041259830811909105
binary,26.100000000000001,0,1,-0.0044026585473504604
binary,26.150000000000002,0,1,-0.0046652066796564161
binary,26.200000000000003,0,1,-0.0049129690712738164
binary,26.25,0,1,-0.0051453319572094432
binary,26.300000000000001,0,1,-0.0053617282117992852
binary,26.350000000000001,0,1,-0.005561639201432377
binary,26.400000000000002,0,1,-0.0057445964786560144
binary,26.450000000000003,0,1,-0.0059101833045779864
binary,26.5,0,1,-0.0060580359874392717
binary,26.550000000000001,0,1,-0.0061878450263660534
binary,26.600000000000001,0,1,-0.0062993560506088894
binary,26.650000000000002,0,1,-0.0063923705460247468
binary,26.700000000000003,0,1,-0.0064667463621317168
binary,26.75,0,1,-0.0065223979947485388
binary,26.800000000000001,0,1,-0.0065592966409941979
binary,26.850000000000001,0,1,-0.0065774700252426649
binary,26.900000000000002,0,1,-0.006577001996477305
binary,26.950000000000003,0,1,-0.0065580318993405089
binary,27,0,1,-0.0065207537229997493
binary,27.050000000000001,0,1,-0.0064654150337244759
binary,27.100000000000001,0,1,-0.0063923156987631628
binary,27.150000000000002,0,1,-0.0063018064107024105
binary,27.200000000000003,0,1,-0.0061942870229582617
binary,27.25,0,1,-0.0060702047083746151
binary,27.300000000000001,0,1,-0.0059300519540677783
binary,27.350000000000001,0,1,-0.0057743644066473206
binary,27.400000000000002,0,1,-0.0056037185827506886
binary,27.450000000000003,0,1,-0.0054187294604468002
binary,27.5,0,1,-0.0052200479674885565
binary,27.550000000000001,0,1,-0.0050083583826267914
binary,27.600000000000001,0,1,-0.0047843756662422042
binary,27.650000000000002,0,1,-0.0045488427364141128
binary,27.700000000000003,0,1,-0.0043025277062353571
binary,27.75,0,1,-0.0040462210977132594
binary,27.800000000000001,0,1,-0.0037807330469813629
binary,27.850000000000001,0,1,-0.0035068905148030929
binary,27.900000000000002,0,1,-0.0032255345154902975
binary,27.950000000000003,0,1,-0.0029375173764111103
binary,28,0,1,-0.0026437000392346153
binary,28.050000000000001,0,1,-0.0023449494129787079
binary,28.100000000000001,0,1,-0.002042135787809045
binary,28.150000000000002,0,1,-0.0017361303173979176
binary,28.200000000000003,0,1,-0.001427802576513319
binary,28.25,0,1,-0.001118018199382196
binary,28.300000000000001,0,1,-0.00080763660327747976
binary,28.350000000000001,0,1,-0.00049750880072598912
binary,28.400000000000002,0,1,-0.00018847530273723105
binary,28.450000000000003,0,1,0.00011863588547671817
binary,28.5,0,1,0.00042301117567670462
binary,28.550000000000001,0,1,0.00072385321482781059
binary,28.600000000000001,0,1,0.0010203826112338422
binary,28.650000000000002,0,1,0.0013118395700181175
binary,28.700000000000003,0,1,0.0015974854398959366
binary,28.75,0,1,0.0018766041735920136
binary,28.800000000000001,0,1,0.0021485037045701613
binary,28.850000000000001,0,1,0.0024125172429643451
binary,28.900000000000002,0,1,0.0026680044937326488
binary,28.950000000000003,0,1,0.0029143528001027209
binary,29,0,1,0.0031509782153433812
binary,29.050000000000001,0,1,0.003377326505788366
binary,29.100000000000001,0,1,0.0035928740878594227
binary,29.150000000000002,0,1,0.0037971289015972776
binary,29.200000000000003,0,1,0.0039896312229121631
binary,29.25,0,1,0.0041699544164247229
binary,29.300000000000001,0,1,0.0043377056303861173
binary,29.350000000000001,0,1,0.0044925264347535267
binary,29.400000000000002,0,1,0.0046340934030628372
binary,29.450000000000003,0,1,0.0047621186382905108
binary,29.5,0,1,0.0048763502424426152
binary,29.550000000000001,0,1,0.0049765727291565115
binary,29.600000000000001,0,1,0.0050626073781604251
binary,29.650000000000002,0,1,0.0051343125300148717
binary,29.700000000000003,0,1,0.0051915838191655891
binary,29.75,0,1,0.0052343543429785372
binary,29.800000000000001,0,1,0.0052625947641103633
binary,29.850000000000001,0,1,0.0052763133432990736
binary,29.900000000000002,0,1,0.0052755558994460336
binary,29.950000000000003,0,1,0.0052604056937070581
binary,30,0,1,0.005230983234222151
binary,0,1,1,0.25350366713421602
binary,0.050000000000000003,1,1,0.25357275173709143
binary,0.10000000000000001,1,1,0.25378013216200751
binary,0.15000000000000002,1,1,0.25412618574768192
binary,0.20000000000000001,1,1,0.25461154372117062
binary,0.25,1,1,0.25523709205047779
binary,0.30000000000000004,1,1,0.25600397414119308
binary,0.35000000000000003,1,1,0.25691359407918368
binary,0.40000000000000002,1,1,0.25796762060318096
binary,0.45000000000000001,1,1,0.25916799181227052
binary,0.5,1,1,0.26051692062038467
binary,0.55000000000000004,1,1,0.26201690096228508
binary,0.60000000000000009,1,1,0.26367071475839582
binary,0.65000000000000002,1,1,0.2654814396468248
binary,0.70000000000000007,1,1,0.26745245748841789
binary,0.75,1,1,0.2695874636506328
binary,0.80000000000000004,1,1,0.27189047707332076
binary,0.85000000000000009,1,1,0.27436585111747785
binary,0.90000000000000002,1,1,0.27701828519404531
binary,0.95000000000000007,1,1,0.2798528371653804
binary,1,1,1,0.28287493650599838
binary,1.05,1,1,0.2860903982018182
binary,1.1000000000000001,1,1,0.28950543735794754
binary,1.1500000000000001,1,1,0.2931266844737252
binary,1.2000000000000002,1,1,0.29696120133015047
binary,1.25,1,1,0.3010164974182814
binary,1.3,1,1,0.30530054681746238
binary,1.3500000000000001,1,1,0.30982180540866733
binary,1.4000000000000001,1,1,0.31458922828024721
binary,1.4500000000000002,1,1,0.31961228715036594
binary,1.5,1,1,0.32490098759147595
binary,1.55,1,1,0.33046588579656988
binary,1.6000000000000001,1,1,0.33631810457365613
binary,1.6500000000000001,1,1,0.34246934819286962
binary,1.7000000000000002,1,1,0.34893191563867443
binary,1.75,1,1,0.35571871173652342
binary,1.8,1,1,0.36284325552767738
binary,1.8500000000000001,1,1,0.37031968515632285
binary,1.9000000000000001,1,1,0.37816275840814784
binary,1.9500000000000002,1,1,0.38638784789771391
binary,2,1,1,0.39501092974195068
binary,2.0500000000000003,1,1,0.40404856437768405
binary,2.1000000000000001,1,1,0.41351786798141027
binary,2.1499999999999999,1,1,0.42343647272912122
binary,2.2000000000000002,1,1,0.43382247389313605
binary,2.25,1,1,0.44469436151282526
binary,2.3000000000000003,1,1,0.45607093409936972
binary,2.3500000000000001,1,1,0.46797119154558725
binary,2.4000000000000004,1,1,0.48041420411695684
binary,2.4500000000000002,1,1,0.49341895410875414
binary,2.5,1,1,0.50700414647983094
binary,2.5500000000000003,1,1,0.52118798453361193
binary,2.6000000000000001,1,1,0.5359879065343125
binary,2.6500000000000004,1,1,0.55142027905051594
binary,2.7000000000000002,1,1,0.56750004284554278
binary,2.75,1,1,0.58424030732906596
binary,2.8000000000000003,1,1,0.60165189000007957
binary,2.8500000000000001,1,1,0.6197427980090976
binary,2.9000000000000004,1,1,0.63851765001642646
binary,2.9500000000000002,1,1,0.65797703799836704
binary,3,1,1,0.67811683063149863
binary,3.0500000000000003,1,1,0.69892742244080519
binary,3.1000000000000001,1,1,0.72039293609355937
binary,3.1500000000000004,1,1,0.74249038909907239
binary,3.2000000000000002,1,1,0.76518884074089077
binary,3.25,1,1,0.78844854027721589
binary,3.3000000000000003,1,1,0.81222010318083193
binary,3.3500000000000001,1,1,0.83644374824522472
binary,3.4000000000000004,1,1,0.86104863444391522
binary,3.4500000000000002,1,1,0.88595234205911788
binary,3.5,1,1,0.91106054723257568
binary,3.5500000000000003,1,1,0.93626694206105621
binary,3.6000000000000001,1,1,0.96145345290486717
binary,3.6500000000000004,1,1,0.98649080691779012
binary,3.7000000000000002,1,1,1.0112394902171919
binary,3.75,1,1,1.0355511300370674
binary,3.8000000000000003,1,1,1.059270317380931
binary,3.8500000000000001,1,1,1.0822368662742443
binary,3.9000000000000004,1,1,1.1042884813971801
binary,3.9500000000000002,1,1,1.1252637789428539
binary,4,1,1,1.1450055778646284
binary,4.0499999999999998,1,1,1.1633643526029356
binary,4.1000000000000005,1,1,1.1802017165494643
binary,4.1500000000000004,1,1,1.1953937905284446
binary,4.2000000000000002,1,1,1.2088343046925558
binary,4.25,1,1,1.2204372869552726
binary,4.2999999999999998,1,1,1.2301392068957486
binary,4.3500000000000005,1,1,1.2379004702614627
binary,4.4000000000000004,1,1,1.2437061938457314
binary,4.4500000000000002,1,1,1.2475662307110253
binary,4.5,1,1,1.2495144578897026
binary,4.5499999999999998,1,1,1.2496073790527236
binary,4.6000000000000005,1,1,1.2479221297200893
binary,4.6500000000000004,1,1,1.2445539996425541
binary,4.7000000000000002,1,1,1.2396136042817301
binary,4.75,1,1,1.2332238442713521
binary,4.8000000000000007,1,1,1.2255167888706995
binary,4.8500000000000005,1,1,1.2166306081385054
binary,4.9000000000000004,1,1,1.2067066608893755
binary,4.9500000000000002,1,1,1.1958868237572924
binary,5,1,1,1.1843111231752865
binary,5.0500000000000007,1,1,1.1721157088182812
binary,5.1000000000000005,1,1,1.1594311856582271
binary,5.1500000000000004,1,1,1.1463813033647767
binary,5.2000000000000002,1,1,1.1330819869781372
binary,5.25,1,1,1.1196406817779356
binary,5.3000000000000007,1,1,1.1061559779249428
binary,5.3500000000000005,1,1,1.0927174763733438
binary,5.4000000000000004,1,1,1.0794058562104356
binary,5.4500000000000002,1,1,1.0662931043913846
binary,5.5,1,1,1.0534428712196786
binary,5.5500000000000007,1,1,1.0409109183516232
binary,5.6000000000000005,1,1,1.0287456301257925
binary,5.6500000000000004,1,1,1.0169885632742022
binary,5.7000000000000002,1,1,1.0056750142877442
binary,5.75,1,1,0.99483458769118982
binary,5.8000000000000007,1,1,0.98449175210890527
binary,5.8500000000000005,1,1,0.97466637420311419
binary,5.9000000000000004,1,1,0.96537422331661593
binary,5.9500000000000002,1,1,0.9566274419568237
binary,6,1,1,0.94843497914407282
binary,6.0500000000000007,1,1,0.94080298515355276
binary,6.1000000000000005,1,1,0.93373516735250461
binary,6.1500000000000004,1,1,0.92723310772019296
binary,6.2000000000000002,1,1,0.92129654328414468
binary,6.25,1,1,0.91592361115563148
binary,6.3000000000000007,1,1,0.91111106013955345
binary,6.3500000000000005,1,1,0.90685443106314245
binary,6.4000000000000004,1,1,0.90314820804378426
binary,6.4500000000000002,1,1,0.89998594292374345
binary,6.5,1,1,0.8973603550593201
binary,6.5500000000000007,1,1,0.895263408580937
binary,6.6000000000000005,1,1,0.89368636915249944
binary,6.6500000000000004,1,1,0.89261984216394741
binary,6.7000000000000002,1,1,0.89205379419872155
binary,6.75,1,1,0.89197755953443414
binary,6.8000000000000007,1,1,0.89237983336520732
binary,6.8500000000000005,1,1,0.89324865338141612
binary,6.9000000000000004,1,1,0.89457137130919584
binary,6.9500000000000002,1,1,0.89633461599926556
binary,7,1,1,0.89852424966264033
binary,7.0500000000000007,1,1,0.90112531887895853
binary,7.1000000000000005,1,1,0.90412200204989457
binary,7.1500000000000004,1,1,0.90749755503293128
binary,7.2000000000000002,1,1,0.91123425676621439
binary,7.25,1,1,0.91531335677885184
binary,7.3000000000000007,1,1,0.91971502656742166
binary,7.3500000000000005,1,1,0.92441831690213783
binary,7.4000000000000004,1,1,0.9294011231976862
binary,7.4500000000000002,1,1,0.93464016113578618
binary,7.5,1,1,0.94011095475004769
binary,7.5500000000000007,1,1,0.94578783916904996
binary,7.6000000000000005,1,1,0.95164398015104723
binary,7.6500000000000004,1,1,0.95765141242382112
binary,7.7000000000000002,1,1,0.96378109865727846
binary,7.75,1,1,0.97000301063714078
binary,7.8000000000000007,1,1,0.97628623387035107
binary,7.8500000000000005,1,1,0.98259909643422993
binary,7.9000000000000004,1,1,0.9889093223831279
binary,7.9500000000000002,1,1,0.99518420945361441
binary,8,1,1,1.0013908301720087
binary,8.0500000000000007,1,1,1.0074962547811159
binary,8.0999999999999996,1,1,1.0134677936860579
binary,8.1500000000000004,1,1,1.0192732563962978
binary,8.2000000000000011,1,1,1.0248812232404094
binary,8.25,1,1,1.0302613254825628
binary,8.3000000000000007,1,1,1.0353845289070305
binary,8.3499999999999996,1,1,1.0402234154906385
binary,8.4000000000000004,1,1,1.0447524574818203
binary,8.4500000000000011,1,1,1.0489482780729369
binary,8.5,1,1,1.0527898929074939
binary,8.5500000000000007,1,1,1.0562589269151819
binary,8.5999999999999996,1,1,1.0593398014153064
binary,8.6500000000000004,1,1,1.062019887063099
binary,8.7000000000000011,1,1,1.0642896190135109
binary,8.75,1,1,1.0661425716142243
binary,8.8000000000000007,1,1,1.0675754909768338
binary,8.8499999999999996,1,1,1.0685882848699557
binary,8.9000000000000004,1,1,1.0691839704849044
binary,8.9500000000000011,1,1,1.0693685816976934
binary,9,1,1,1.0691510384470726
binary,9.0500000000000007,1,1,1.0685429817287992
binary,9.0999999999999996,1,1,1.0675585784400063
binary,9.1500000000000004,1,1,1.0662143008717961
binary,9.2000000000000011,1,1,1.0645286860297938
binary,9.25,1,1,1.0625220801578246
binary,9.3000000000000007,1,1,1.0602163738545971
binary,9.3499999999999996,1,1,1.0576347330208928
binary,9.4000000000000004,1,1,1.0548013305753114
binary,9.4500000000000011,1,1,1.0517410834549992
binary,9.5,1,1,1.0484793989017174
binary,9.5500000000000007,1,1,1.0450419334519343
binary,9.6000000000000014,1,1,1.0414543674305885
binary,9.6500000000000004,1,1,1.03774219711808
binary,9.7000000000000011,1,1,1.0339305461421699
binary,9.75,1,1,1.0300439970603357
binary,9.8000000000000007,1,1,1.0261064435591456
binary,9.8500000000000014,1,1,1.0221409632165923
binary,9.9000000000000004,1,1,1.0181697103581682
binary,9.9500000000000011,1,1,1.0142138281913031
binary,10,1,1,1.010293379125822
binary,10.050000000000001,1,1,1.0064272919780133
binary,10.100000000000001,1,1,1.002633324608325
binary,10.15,1,1,0.99892804045177741
binary,10.200000000000001,1,1,0.99532679735914853
binary,10.25,1,1,0.99184374716863166
binary,10.300000000000001,1,1,0.98849184446465044
binary,10.350000000000001,1,1,0.98528286304586743
binary,10.4,1,1,0.98222741871143238
binary,10.450000000000001,1,1,0.97933499707731841
binary,10.5,1,1,0.9766139852478416
binary,10.550000000000001,1,1,0.97407170628669093
binary,10.600000000000001,1,1,0.97171445555321689
binary,10.65,1,1,0.96954753809033201
binary,10.700000000000001,1,1,0.96757530636774125
binary,10.75,1,1,0.96580119779661577
binary,10.800000000000001,1,1,0.96422777153792172
binary,10.850000000000001,1,1,0.96285674422565826
binary,10.9,1,1,0.96168902431770864
binary,10.950000000000001,1,1,0.96072474487075099
binary,11,1,1,0.95996329461169971
binary,11.050000000000001,1,1,0.9594033472467034
binary,11.100000000000001,1,1,0.95904288901008106
binary,11.15,1,1,0.95887924451014739
binary,11.200000000000001,1,1,0.95890910097703719
binary,11.25,1,1,0.95912853105980111
binary,11.300000000000001,1,1,0.959533014356592
binary,11.350000000000001,1,1,0.96011745789299352
binary,11.4,1,1,0.96087621578978544
binary,11.450000000000001,1,1,0.96180310838284544
binary,11.5,1,1,0.9628914410746463
binary,11.550000000000001,1,1,0.96413402320896957
binary,11.600000000000001,1,1,0.96552318726804676
binary,11.65,1,1,0.96705080869430704
binary,11.700000000000001,1,1,0.96870832663717632
binary,11.75,1,1,0.97048676591881589
binary,11.800000000000001,1,1,0.97237676050115929
binary,11.850000000000001,1,1,0.97436857871999294
binary,11.9,1,1,0.97645215052997025
binary,11.950000000000001,1,1,0.97861709697733446
binary,12,1,1,0.980852762084653
binary,12.050000000000001,1,1,0.98314824729419037
binary,12.100000000000001,1,1,0.98549244857375473
binary,12.15,1,1,0.98787409624130218
binary,12.200000000000001,1,1,0.99028179751264611
binary,12.25,1,1,0.99270408172089308
binary,12.300000000000001,1,1,0.9951294480974856
binary,12.350000000000001,1,1,0.99754641594376781
binary,12.4,1,1,0.99994357695997405
binary,12.450000000000001,1,1,1.0023096494365706
binary,12.5,1,1,1.0046335339523096
binary,12.550000000000001,1,1,1.0069043701655893
binary,12.600000000000001,1,1,1.0091115942322288
binary,12.65,1,1,1.0112449963350125
binary,12.700000000000001,1,1,1.0132947777698662
binary,12.75,1,1,1.0152516070015905
binary,12.800000000000001,1,1,1.0171066740800088
binary,12.850000000000001,1,1,1.0188517427961947
binary,12.9,1,1,1.0204791999589793
binary,12.950000000000001,1,1,1.0219821011847177
binary,13,1,1,1.0233542126185255
binary,13.050000000000001,1,1,1.0245900480427874
binary,13.100000000000001,1,1,1.0256849008781588
binary,13.15,1,1,1.0266348706427231
binary,13.200000000000001,1,1,1.0274368835052208
binary,13.25,1,1,1.0280887066468576
binary,13.300000000000001,1,1,1.0285889562313479
binary,13.350000000000001,1,1,1.0289370988725879
binary,13.4,1,1,1.0291334465815685
binary,13.450000000000001,1,1,1.0291791452666053
binary,13.5,1,1,1.0290761569515336
binary,13.550000000000001,1,1,1.0288272359630208
binary,13.600000000000001,1,1,1.0284358994186511
binary,13.65,1,1,1.0279063924201624
binary,13.700000000000001,1,1,1.0272436484196721
binary,13.75,1,1,1.0264532452797217
binary,13.800000000000001,1,1,1.0255413575896699
binary,13.850000000000001,1,1,1.0245147058308466
binary,13.9,1,1,1.023380503000815
binary,13.950000000000001,1,1,1.0221463993132602
binary,14,1,1,1.020820425584922
binary,14.050000000000001,1,1,1.0194109359053962
binary,14.100000000000001,1,1,1.0179265501605625
binary,14.15,1,1,1.0163760969470106
binary,14.200000000000001,1,1,1.0147685573744933
binary,14.25,1,1,1.0131130102075001
binary,14.300000000000001,1,1,1.011418578746955
binary,14.350000000000001,1,1,1.009694379800218
binary,14.4,1,1,1.0079494750333577
binary,14.450000000000001,1,1,1.0061928249453116
binary,14.5,1,1,1.0044332456502274
binary,14.550000000000001,1,1,1.0026793686029838
binary,14.600000000000001,1,1,1.0009396033544471
binary,14.65,1,1,0.99922210337817507
binary,14.700000000000001,1,1,0.99753473496952827
binary,14.75,1,1,0.99588504918190879
binary,14.800000000000001,1,1,0.99428025673332443
binary,14.850000000000001,1,1,0.99272720578983642
binary,14.9,1,1,0.99123236251062419
binary,14.950000000000001,1,1,0.98980179422233461
binary,15,1,1,0.98844115507786123
binary,15.050000000000001,1,1,0.98715567404646842
binary,15.100000000000001,1,1,0.98595014507791268
binary,15.15,1,1,0.98482891928260341
binary,15.200000000000001,1,1,0.98379589897246222
binary,15.25,1,1,0.98285453341263451
binary,15.300000000000001,1,1,0.98200781614216759
binary,15.350000000000001,1,1,0.98125828373181012
binary,15.4,1,1,0.98060801585880819
binary,15.450000000000001,1,1,0.98005863659164227
binary,15.5,1,1,0.97961131679166313
binary,15.550000000000001,1,1,0.97926677755325797
binary,15.600000000000001,1,1,0.97902529461915622
binary,15.65,1,1,0.97888670372249742
binary,15.700000000000001,1,1,0.97885040682204161
binary,15.75,1,1,0.97891537921113903
binary,15.800000000000001,1,1,0.97908017749457443
binary,15.850000000000001,1,1,0.97934294843989989
binary,15.9,1,1,0.97970143872117965
binary,15.950000000000001,1,1,0.98015300558299556
binary,16,1,1,0.98069462846089217
binary,16.050000000000001,1,1,0.98132292160104972
binary,16.100000000000001,1,1,0.98203414772666453
binary,16.150000000000002,1,1,0.98282423280118725
binary,16.199999999999999,1,1,0.98368878193910048
binary,16.25,1,1,0.98462309651318525
binary,16.300000000000001,1,1,0.98562219250321415
binary,16.350000000000001,1,1,0.98668082012464375
binary,16.400000000000002,1,1,0.98779348476716256
binary,16.449999999999999,1,1,0.9889544692619282
binary,16.5,1,1,0.99015785748308016
binary,16.550000000000001,1,1,0.99139755927372464
binary,16.600000000000001,1,1,0.99266733666928064
binary,16.650000000000002,1,1,0.99396083137203051
binary,16.699999999999999,1,1,0.99527159341020754
binary,16.75,1,1,0.99659311089332148
binary,16.800000000000001,1,1,0.99791884075301884
binary,16.850000000000001,1,1,0.99924224033601061
binary,16.900000000000002,1,1,1.0005567996929561
binary,16.949999999999999,1,1,1.0018560743851173
binary,17,1,1,1.0031337186096323
binary,17.050000000000001,1,1,1.0043835184249028
binary,17.100000000000001,1,1,1.0055994248403683
binary,17.150000000000002,1,1,1.0067755865203638
binary,17.199999999999999,1,1,1.0079063818402734
binary,17.25,1,1,1.008986450025265
binary,17.300000000000001,1,1,1.0100107210978495
binary,17.350000000000001,1,1,1.0109744443606716
binary,17.400000000000002,1,1,1.0118732151454957
binary,17.449999999999999,1,1,1.01270299956842
binary,17.5,1,1,1.013460157044936
binary,17.550000000000001,1,1,1.0141414603364216
binary,17.600000000000001,1,1,1.01474411292184
binary,17.650000000000002,1,1,1.015265763514428
binary,17.699999999999999,1,1,1.015704517572624
binary,17.75,1,1,1.0160589456868385
binary,17.800000000000001,1,1,1.0163280887583381
binary,17.850000000000001,1,1,1.0165114599228187
binary,17.900000000000002,1,1,1.0166090432084729
binary,17.949999999999999,1,1,1.0166212889557933
binary,18,1,1,1.0165491060632346
binary,18.050000000000001,1,1,1.0163938511584942
binary,18.100000000000001,1,1,1.0161573148288603
binary,18.150000000000002,1,1,1.0158417050752055
binary,18.199999999999999,1,1,1.0154496281822301
binary,18.25,1,1,1.0149840672219985
binary,18.300000000000001,1,1,1.0144483584283488
binary,18.350000000000001,1,1,1.0138461656960602
binary,18.400000000000002,1,1,1.0131814534706702
binary,18.449999999999999,1,1,1.0124584583024216
binary,18.5,1,1,1.0116816593411162
binary,18.550000000000001,1,1,1.0108557480477565
binary,18.600000000000001,1,1,1.0099855973940668
binary,18.650000000000002,1,1,1.009076230812568
binary,18.699999999999999,1,1,1.008132791148262
binary,18.75,1,1,1.0071605098485474
binary,18.800000000000001,1,1,1.0061646766112318
binary,18.850000000000001,1,1,1.0051506096918712
binary,18.900000000000002,1,1,1.0041236270516667
binary,18.949999999999999,1,1,1.0030890185062209
binary,19,1,1,1.0020520190140894
binary,19.050000000000001,1,1,1.0010177832226428
binary,19.100000000000001,1,1,0.99999136136769795
binary,19.150000000000002,1,1,0.99897767660301562
binary,19.200000000000003,1,1,0.99798150381638118
binary,19.25,1,1,0.99700744997085988
binary,19.300000000000001,1,1,0.99605993599312326
binary,19.350000000000001,1,1,0.9951431802156343
binary,19.400000000000002,1,1,0.99426118336607139
binary,19.450000000000003,1,1,0.99341771508570775
binary,19.5,1,1,0.99261630194856143
binary,19.550000000000001,1,1,0.99186021694499682
binary,19.600000000000001,1,1,0.99115247038700194
binary,19.650000000000002,1,1,0.99049580218755062
binary,19.700000000000003,1,1,0.98989267546315041
binary,19.75,1,1,0.98934527140678497
binary,19.800000000000001,1,1,0.98885548537781598
binary,19.850000000000001,1,1,0.98842492415591987
binary,19.900000000000002,1,1,0.98805490430759246
binary,19.950000000000003,1,1,0.98774645161605368
binary,20,1,1,0.98750030152833324
binary,20.050000000000001,1,1,0.98731690057679578
binary,20.100000000000001,1,1,0.98719640873618364
binary,20.150000000000002,1,1,0.9871387026813021
binary,20.200000000000003,1,1,0.987143379914595
binary,20.25,1,1,0.98720976373691116
binary,20.300000000000001,1,1,0.9873369090386509
binary,20.350000000000001,1,1,0.98752360889206248
binary,20.400000000000002,1,1,0.98776840192864468
binary,20.450000000000003,1,1,0.9880695804883004
binary,20.5,1,1,0.98842519952900276
binary,20.550000000000001,1,1,0.98883308628718869
binary,20.600000000000001,1,1,0.98929085067986089
binary,20.650000000000002,1,1,0.98979589643936783
binary,20.700000000000003,1,1,0.99034543297104272
binary,20.75,1,1,0.99093648792229017
binary,20.800000000000001,1,1,0.99156592044929226
binary,20.850000000000001,1,1,0.99223043516428988
binary,20.900000000000002,1,1,0.9929265967424159
binary,20.950000000000003,1,1,0.99365084516231694
binary,21,1,1,0.99439951154940709
binary,21.050000000000001,1,1,0.99516883458457595
binary,21.100000000000001,1,1,0.99595497743465644
binary,21.150000000000002,1,1,0.99675404515400534
binary,21.200000000000003,1,1,0.99756210249931265
binary,21.25,1,1,0.9983751920923416
binary,21.300000000000001,1,1,0.99918935285787269
binary,21.350000000000001,1,1,1.0000006386567895
binary,21.400000000000002,1,1,1.0008051370272146
binary,21.450000000000003,1,1,1.0015989879399818
binary,21.5,1,1,1.0023784024687239
binary,21.550000000000001,1,1,1.0031396812695712
binary,21.600000000000001,1,1,1.0038792327611017
binary,21.650000000000002,1,1,1.004593590891836
binary,21.700000000000003,1,1,1.0052794323804162
binary,21.75,1,1,1.0059335933127027
binary,21.800000000000001,1,1,1.0065530849804993
binary,21.850000000000001,1,1,1.0071351088485061
binary,21.900000000000002,1,1,1.007677070539468
binary,21.950000000000003,1,1,1.0081765927323179
binary,22,1,1,1.0086315268744219
binary,22.050000000000001,1,1,1.00903996361674
binary,22.100000000000001,1,1,1.0094002418897599
binary,22.150000000000002,1,1,1.009710956548344
binary,22.200000000000003,1,1,1.0099709645249966
binary,22.25,1,1,1.010179389443369
binary,22.300000000000001,1,1,1.0103356246568966
binary,22.350000000000001,1,1,1.0104393346910978
binary,22.400000000000002,1,1,1.0104904550820646
binary,22.450000000000003,1,1,1.0104891906178182
binary,22.5,1,1,1.0104360120032598
binary,22.550000000000001,1,1,1.0103316509832334
binary,22.600000000000001,1,1,1.0101770939714758
binary,22.650000000000002,1,1,1.0099735742458109
binary,22.700000000000003,1,1,1.0097225627816351
binary,22.75,1,1,1.0094257578063868
binary,22.800000000000001,1,1,1.0090850731671757
binary,22.850000000000001,1,1,1.0087026256119158
binary,22.900000000000002,1,1,1.0082807210911213
binary,22.950000000000003,1,1,1.0078218401928987
binary,23,1,1,1.007328622827584
binary,23.050000000000001,1,1,1.0068038522809424
binary,23.100000000000001,1,1,1.0062504387558875
binary,23.150000000000002,1,1,1.0056714025223394
binary,23.200000000000003,1,1,1.0050698567932186
binary,23.25,1,1,1.0044489904417446
binary,23.300000000000001,1,1,1.0038120506712984
binary,23.350000000000001,1,1,1.0031623257442357
binary,23.400000000000002,1,1,1.0025031278703522
binary,23.450000000000003,1,1,1.0018377763493158
binary,23.5,1,1,1.0011695810544905
binary,23.550000000000001,1,1,1.0005018263382512
binary,23.600000000000001,1,1,0.99983775543135633
binary,23.650000000000002,1,1,0.99918055540125394
binary,23.700000000000003,1,1,0.9985333427265467
binary,23.75,1,1,0.99789914953728787
binary,23.800000000000001,1,1,0.99728091056347024
binary,23.850000000000001,1,1,0.9966814508270665
binary,23.900000000000002,1,1,0.99610347410637246
binary,23.950000000000003,1,1,0.99554955219524632
binary,24,1,1,0.99502211497419379
binary,24.050000000000001,1,1,0.99452344130512005
binary,24.100000000000001,1,1,0.99405565075702484
binary,24.150000000000002,1,1,0.99362069616590731
binary,24.200000000000003,1,1,0.99322035702872391
binary,24.25,1,1,0.99285623372834297
binary,24.300000000000001,1,1,0.99252974258407223
binary,24.350000000000001,1,1,0.99224211172045051
binary,24.400000000000002,1,1,0.99199437774554788
binary,24.450000000000003,1,1,0.99178738322898519
binary,24.5,1,1,0.99162177496916748
binary,24.550000000000001,1,1,0.99149800303883762
binary,24.600000000000001,1,1,0.99141632059784712
binary,24.650000000000002,1,1,0.99137678446204958
binary,24.700000000000003,1,1,0.99137925641730251
binary,24.75,1,1,0.99142340526769968
binary,24.800000000000001,1,1,0.99150870960729409
binary,24.850000000000001,1,1,0.99163446130460198
binary,24.900000000000002,1,1,0.99179976968913153
binary,24.950000000000003,1,1,0.99200356642890597
binary,25,1,1,0.99224461108750484
binary,25.050000000000001,1,1,0.99252149734839934
binary,25.100000000000001,1,1,0.9928326598933408
binary,25.150000000000002,1,1,0.99317638192021596
binary,25.200000000000003,1,1,0.9935508032840924
binary,25.25,1,1,0.99395392924314085
binary,25.300000000000001,1,1,0.99438363978872879
binary,25.350000000000001,1,1,0.99483769953622836
binary,25.400000000000002,1,1,0.99531376815002559
binary,25.450000000000003,1,1,0.99580941127280309
binary,25.5,1,1,0.996322111925528
binary,25.550000000000001,1,1,0.9968492823406695
binary,25.600000000000001,1,1,0.9973882761870837
binary,25.650000000000002,1,1,0.99793640114080728
binary,25.700000000000003,1,1,0.9984909317517231
binary,25.75,1,1,0.99904912255181333
binary,25.800000000000001,1,1,0.99960822134655369
binary,25.850000000000001,1,1,1.0001654826270112
binary,25.900000000000002,1,1,1.0007181810364811
binary,25.950000000000003,1,1,1.0012636248221014
binary,26,1,1,1.0017991691989356
binary,26.050000000000001,1,1,1.0023222295515559
binary,26.100000000000001,1,1,1.0028302943962961
binary,26.150000000000002,1,1,1.0033209380261441
binary,26.200000000000003,1,1,1.0037918327597546
binary,26.25,1,1,1.0042407607163546
binary,26.300000000000001,1,1,1.0046656250394195
binary,26.350000000000001,1,1,1.0050644604939423
binary,26.400000000000002,1,1,1.0054354433649206
binary,26.450000000000003,1,1,1.0057769005883441
binary,26.5,1,1,1.0060873180504584
binary,26.550000000000001,1,1,1.0063653479963774
binary,26.600000000000001,1,1,1.0066098154951699
binary,26.650000000000002,1,1,1.0068197239152927
binary,26.700000000000003,1,1,1.006994259371599
binary,26.75,1,1,1.0071327941130377
binary,26.800000000000001,1,1,1.007234888828463
binary,26.850000000000001,1,1,1.0073002938566016
binary,26.900000000000002,1,1,1.007328949295035
binary,26.950000000000003,1,1,1.0073209840119586
binary,27,1,1,1.0072767135733283
binary,27.050000000000001,1,1,1.0071966371066916
binary,27.100000000000001,1,1,1.0070814331314057
binary,27.150000000000002,1,1,1.0069319543929509
binary,27.200000000000003,1,1,1.0067492217465615
binary,27.25,1,1,1.0065344171423221
binary,27.300000000000001,1,1,1.0062888757701178
binary,27.350000000000001,1,1,1.0060140774283441
binary,27.400000000000002,1,1,1.0057116371850046
binary,27.450000000000003,1,1,1.0053832954037052
binary,27.5,1,1,1.0050309072100996
binary,27.550000000000001,1,1,1.004656431476515
binary,27.600000000000001,1,1,1.0042619194038078
binary,27.650000000000002,1,1,1.0038495027800038
binary,27.700000000000003,1,1,1.0034213819949649
binary,27.75,1,1,1.0029798138892805
binary,27.800000000000001,1,1,1.0025270995138282
binary,27.850000000000001,1,1,1.0020655718740754
binary,27.900000000000002,1,1,1.0015975837302553
binary,27.950000000000003,1,1,1.0011254955211275
binary,28,1,1,1.0006516634752123
binary,28.050000000000001,1,1,1.0001784279692283
binary,28.100000000000001,1,1,0.99970810218907025
binary,28.150000000000002,1,1,0.99924296114408784
binary,28.200000000000003,1,1,0.99878523108077155
binary,28.25,1,1,0.99833707933724669
binary,28.300000000000001,1,1,0.99790060467533959
binary,28.350000000000001,1,1,0.99747782812240282
binary,28.400000000000002,1,1,0.99707068435068869
binary,28.450000000000003,1,1,0.99668101361781847
binary,28.5,1,1,0.99631055428790727
binary,28.550000000000001,1,1,0.99596093594913992
binary,28.600000000000001,1,1,0.99563367314012197
binary,28.650000000000002,1,1,0.99533015969412886
binary,28.700000000000003,1,1,0.99505166370747711
binary,28.75,1,1,0.99479932313561603
binary,28.800000000000001,1,1,0.99457414201821515
binary,28.850000000000001,1,1,0.99437698733245206
binary,28.900000000000002,1,1,0.99420858647190369
binary,28.950000000000003,1,1,0.99406952534685822
binary,29,1,1,0.99396024710050646
binary,29.050000000000001,1,1,0.99388105143428329
binary,29.100000000000001,1,1,0.99383209453458721
binary,29.150000000000002,1,1,0.99381338959220733
binary,29.200000000000003,1,1,0.99382480790495231
binary,29.25,1,1,0.99386608055322423
binary,29.300000000000001,1,1,0.9939368006375412
binary,29.350000000000001,1,1,0.99403642606628617
binary,29.400000000000002,1,1,0.99416428288119241
binary,29.450000000000003,1,1,0.99431956910727382
binary,29.5,1,1,0.99450135911301474
binary,29.550000000000001,1,1,0.9947086084656539
binary,29.600000000000001,1,1,0.99494015926531021
binary,29.650000000000002,1,1,0.99519474594048174
binary,29.700000000000003,1,1,0.99547100148610879
binary,29.75,1,1,0.99576746412391126
binary,29.800000000000001,1,1,0.99608258436311536
binary,29.850000000000001,1,1,0.99641473243793421
binary,29.900000000000002,1,1,0.99676220609632837
binary,29.950000000000003,1,1,0.99712323871261233
binary,30,1,1,0.99749600769444646
ternary,0,0,0,1.0840536596413113
ternary,0.050000000000000003,0,0,1.0840364811754089
ternary,0.10000000000000001,0,0,1.0839849234840664
ternary,0.15000000000000002,0,0,1.0838989155743306
ternary,0.20000000000000001,0,0,1.0837783401696706
ternary,0.25,0,0,1.0836230319172324
ternary,0.30000000000000004,0,0,1.0834327766444358
ternary,0.35000000000000003,0,0,1.0832073102117483
ternary,0.40000000000000002,0,0,1.0829463170744345
ternary,0.45000000000000001,0,0,1.0826494285723784
ternary,0.5,0,0,1.0823162209312607
ternary,0.55000000000000004,0,0,1.0819462129768249
ternary,0.60000000000000009,0,0,1.0815388635494181
ternary,0.65000000000000002,0,0,1.0810935686091188
ternary,0.70000000000000007,0,0,1.0806096580218576
ternary,0.75,0,0,1.0800863920133426
ternary,0.80000000000000004,0,0,1.0795229572804199
ternary,0.85000000000000009,0,0,1.0789184627462676
ternary,0.90000000000000002,0,0,1.0782719349466108
ternary,0.95000000000000007,0,0,1.0775823130341085
ternary,1,0,0,1.0768484433883285
ternary,1.05,0,0,1.0760690738188321
ternary,1.1000000000000001,0,0,1.0752428473509872
ternary,1.1500000000000001,0,0,1.0743682955851435
ternary,1.2000000000000002,0,0,1.0734438316226838
ternary,1.25,0,0,1.0724677425560301
ternary,1.3,0,0,1.0714381815241667
ternary,1.3500000000000001,0,0,1.0703531593414692
ternary,1.4000000000000001,0,0,1.0692105357152786
ternary,1.4500000000000002,0,0,1.0680080100776301
ternary,1.5,0,0,1.066743112068717
ternary,1.55,0,0,1.0654131917250713
ternary,1.6000000000000001,0,0,1.0640154094442202
ternary,1.6500000000000001,0,0,1.0625467258205736
ternary,1.7000000000000002,0,0,1.061003891475343
ternary,1.75,0,0,1.0593834370370561
ternary,1.8,0,0,1.0576816634699113
ternary,1.8500000000000001,0,0,1.0558946329957362
ternary,1.9000000000000001,0,0,1.0540181609129733
ternary,1.9500000000000002,0,0,1.0520478086842076
ternary,2,0,0,1.0499788787435864
ternary,2.0500000000000003,0,0,1.047806411568458
ternary,2.1000000000000001,0,0,1.045525185667046
ternary,2.1499999999999999,0,0,1.043129721256981
ternary,2.2000000000000002,0,0,1.0406142885490282
ternary,2.25,0,0,1.0379729217064637
ternary,2.3000000000000003,0,0,1.0351994397228632
ternary,2.3500000000000001,0,0,1.0322874756476168
ternary,2.4000000000000004,0,0,1.0292305157859725
ternary,2.4500000000000002,0,0,1.0260219507028596
ternary,2.5,0,0,1.0226551400584116
ternary,2.5500000000000003,0,0,1.0191234934852056
ternary,2.6000000000000001,0,0,1.0154205698650798
ternary,2.6500000000000004,0,0,1.0115401974534981
ternary,2.7000000000000002,0,0,1.0074766173013214
ternary,2.75,0,0,1.0032246522994952
ternary,2.8000000000000003,0,0,0.99877990387548177
ternary,2.8500000000000001,0,0,0.99413897784760386
ternary,2.9000000000000004,0,0,0.98929974013522692
ternary,2.9500000000000002,0,0,0.98426160186664879
ternary,3,0,0,0.97902583186345737
ternary,3.0500000000000003,0,0,0.97359589246233003
ternary,3.1000000000000001,0,0,0.9679777921385283
ternary,3.1500000000000004,0,0,0.96218044543416315
ternary,3.2000000000000002,0,0,0.95621602733968658
ternary,3.25,0,0,0.95010030567594883
ternary,3.3000000000000003,0,0,0.94385293141661875
ternary,3.3500000000000001,0,0,0.93749766362145537
ternary,3.4000000000000004,0,0,0.9310625031681834
ternary,3.4500000000000002,0,0,0.92457970830737446
ternary,3.5,0,0,0.91808566579394857
ternary,3.5500000000000003,0,0,0.91162059451215371
ternary,3.6000000000000001,0,0,0.90522806451911975
ternary,3.6500000000000004,0,0,0.89895432345032378
ternary,3.7000000000000002,0,0,0.89284743406304568
ternary,3.75,0,0,0.8869562406994449
ternary,3.8000000000000003,0,0,0.88132919751433381
ternary,3.8500000000000001,0,0,0.87601310590581405
ternary,3.9000000000000004,0,0,0.87105182092772904
ternary,3.9500000000000002,0,0,0.86648499476691254
ternary,4,0,0,0.8623469281538092
ternary,4.0499999999999998,0,0,0.85866559696302514
ternary,4.1000000000000005,0,0,0.85546191119605253
ternary,4.1500000000000004,0,0,0.85274924787390172
ternary,4.2000000000000002,0,0,0.85053327977020898
ternary,4.25,0,0,0.84881210061365409
ternary,4.2999999999999998,0,0,0.84757662680429102
ternary,4.3500000000000005,0,0,0.84681123804187486
ternary,4.4000000000000004,0,0,0.84649460623541528
ternary,4.4500000000000002,0,0,0.84660065457946909
ternary,4.5,0,0,0.84709958686408082
ternary,4.5499999999999998,0,0,0.84795893033788305
ternary,4.6000000000000005,0,0,0.84914454265982087
ternary,4.6500000000000004,0,0,0.85062154328102391
ternary,4.7000000000000002,0,0,0.85235514059624362
ternary,4.75,0,0,0.85431133716102092
ternary,4.8000000000000007,0,0,0.85645750523761632
ternary,4.8500000000000005,0,0,0.858762833291696
ternary,4.9000000000000004,0,0,0.86119865051200251
ternary,4.9500000000000002,0,0,0.86373864093023467
ternary,5,0,0,0.86635896143362279
ternary,5.0500000000000007,0,0,0.86903827916155685
ternary,5.1000000000000005,0,0,0.87175774378650106
ternary,5.1500000000000004,0,0,0.87450090932786562
ternary,5.2000000000000002,0,0,0.87725361873517393
ternary,5.25,0,0,0.88000386275502951
ternary,5.3000000000000007,0,0,0.88274162276117485
ternary,5.3500000000000005,0,0,0.88545870542075289
ternary,5.4000000000000004,0,0,0.88814857538761049
ternary,5.4500000000000002,0,0,0.89080619071108302
ternary,5.5,0,0,0.89342784435224754
ternary,5.5500000000000007,0,0,0.89601101411369
ternary,5.6000000000000005,0,0,0.89855422240371652
ternary,5.6500000000000004,0,0,0.90105690655327764
ternary,5.7000000000000002,0,0,0.90351929986106683
ternary,5.75,0,0,0.90594232313535938
ternary,5.8000000000000007,0,0,0.90832748620708459
ternary,5.8500000000000005,0,0,0.91067679868613682
ternary,5.9000000000000004,0,0,0.91299268910357811
ternary,5.9500000000000002,0,0,0.91527793151044301
ternary,6,0,0,0.91753557857653634
ternary,6.0500000000000007,0,0,0.91976890023972624
ternary,6.1000000000000005,0,0,0.92198132698997626
ternary,6.1500000000000004,0,0,0.92417639692692333
ternary,6.2000000000000002,0,0,0.92635770580110499
ternary,6.25,0,0,0.92852885933421758
ternary,6.3000000000000007,0,0,0.93069342721127646
ternary,6.3500000000000005,0,0,0.93285489824622192
ternary,6.4000000000000004,0,0,0.93501663634168564
ternary,6.4500000000000002,0,0,0.93718183699274238
ternary,6.5,0,0,0.93935348422269549
ternary,6.5500000000000007,0,0,0.94153430798509541
ternary,6.6000000000000005,0,0,0.94372674221821073
ternary,6.6500000000000004,0,0,0.94593288389320462
ternary,6.7000000000000002,0,0,0.94815445355124095
ternary,6.75,0,0,0.95039275797247325
ternary,6.8000000000000007,0,0,0.9526486557549404
ternary,6.8500000000000005,0,0,0.95492252669640199
ternary,6.9000000000000004,0,0,0.95721424595890559
ternary,6.9500000000000002,0,0,0.95952316404595206
ternary,7,0,0,0.96184809362733314
ternary,7.0500000000000007,0,0,0.96418730419994769
ternary,7.1000000000000005,0,0,0.96653852546893548
ternary,7.1500000000000004,0,0,0.96889896016970356
ternary,7.2000000000000002,0,0,0.97126530682882461
ternary,7.25,0,0,0.9736337926852896
ternary,7.3000000000000007,0,0,0.976000216672543
ternary,7.3500000000000005,0,0,0.97836000200967133
ternary,7.4000000000000004,0,0,0.9807082575844408
ternary,7.4500000000000002,0,0,0.98303984695167712
ternary,7.5,0,0,0.98534946343934826
ternary,7.5500000000000007,0,0,0.9876317095729007
ternary,7.6000000000000005,0,0,0.98988117881521209
ternary,7.6500000000000004,0,0,0.99209253749031567
ternary,7.7000000000000002,0,0,0.99426060472399436
ternary,7.75,0,0,0.99638042829719886
ternary,7.8000000000000007,0,0,0.99844735446603383
ternary,7.8500000000000005,0,0,1.0004570900452099
ternary,7.9000000000000004,0,0,1.0024057553651389
ternary,7.9500000000000002,0,0,1.004289927076627
ternary,8,0,0,1.0061066701692549
ternary,8.0500000000000007,0,0,1.0078535589671465
ternary,8.0999999999999996,0,0,1.0095286872472573
ternary,8.1500000000000004,0,0,1.0111306679716525
ternary,8.2000000000000011,0,0,1.0126586234215063
ternary,8.25,0,0,1.0141121667565018
ternary,8.3000000000000007,0,0,1.0154913761935325
ternary,8.3499999999999996,0,0,1.0167967631023584
ternary,8.4000000000000004,0,0,1.0180292353565656
ternary,8.4500000000000011,0,0,1.0191900572622858
ternary,8.5,0,0,1.0202808073235987
ternary,8.5500000000000007,0,0,1.021303335002379
ternary,8.5999999999999996,0,0,1.0222597175021424
ternary,8.6500000000000004,0,0,1.0231522174602967
ternary,8.7000000000000011,0,0,1.0239832422802915
ternary,8.75,0,0,1.0247553056824208
ternary,8.8000000000000007,0,0,1.0254709919057332
ternary,8.8499999999999996,0,0,1.0261329228584639
ternary,8.9000000000000004,0,0,1.0267437283938479
ternary,8.9500000000000011,0,0,1.0273060197839889
ternary,9,0,0,1.0278223663774015
ternary,9.0500000000000007,0,0,1.02829527535569
ternary,9.0999999999999996,0,0,1.0287271744507387
ternary,9.1500000000000004,0,0,1.029120397444361
ternary,9.2000000000000011,0,0,1.0294771722459113
ternary,9.25,0,0,1.0297996113281629
ternary,9.3000000000000007,0,0,1.0300897042958783
ternary,9.3499999999999996,0,0,1.0303493123632432
ternary,9.4000000000000004,0,0,1.0305801645240578
ternary,9.4500000000000011,0,0,1.0307838552108017
ternary,9.5,0,0,1.0309618432541352
ternary,9.5500000000000007,0,0,1.0311154519719901
ternary,9.6000000000000014,0,0,1.0312458702362188
ternary,9.6500000000000004,0,0,1.0313541543840636
ternary,9.7000000000000011,0,0,1.0314412308608949
ternary,9.75,0,0,1.0315078994992612
ternary,9.8000000000000007,0,0,1.0315548373569592
ternary,9.8500000000000014,0,0,1.0315826030532416
ternary,9.9000000000000004,0,0,1.0315916415572819
ternary,9.9500000000000011,0,0,1.0315822893963733
ternary,10,0,0,1.0315547802629812
ternary,10.050000000000001,0,0,1.0315092510095563
ternary,10.100000000000001,0,0,1.0314457480278574
ternary,10.15,0,0,1.0313642340153679
ternary,10.200000000000001,0,0,1.0312645951351198
ternary,10.25,0,0,1.0311466485768224
ternary,10.300000000000001,0,0,1.0310101505265608
ternary,10.350000000000001,0,0,1.0308548045494712
ternary,10.4,0,0,1.0306802703846787
ternary,10.450000000000001,0,0,1.0304861731444455
ternary,10.5,0,0,1.0302721129000272
ternary,10.550000000000001,0,0,1.0300376746252409
ternary,10.600000000000001,0,0,1.0297824384554835
ternary,10.65,0,0,1.0295059902051642
ternary,10.700000000000001,0,0,1.0292079320706091
ternary,10.75,0,0,1.0288878934289185
ternary,10.800000000000001,0,0,1.0285455416266229
ternary,10.850000000000001,0,0,1.0281805926358625
ternary,10.9,0,0,1.0277928214410237
ternary,10.950000000000001,0,0,1.0273820720059834
ternary,11,0,0,1.0269482666622198
ternary,11.050000000000001,0,0,1.0264914147517605
ternary,11.100000000000001,0,0,1.0260116203570038
ternary,11.15,0,0,1.0255090889524789
ternary,11.200000000000001,0,0,1.0249841328220555
ternary,11.25,0,0,1.0244371750992383
ternary,11.300000000000001,0,0,1.0238687523080112
ternary,11.350000000000001,0,0,1.0232795153069796
ternary,11.4,0,0,1.0226702285697649
ternary,11.450000000000001,0,0,1.0220417677689593
ternary,11.5,0,0,1.0213951156683327
ternary,11.550000000000001,0,0,1.0207313563671789
ternary,11.600000000000001,0,0,1.0200516679802107
ternary,11.65,0,0,1.019357313874764
ternary,11.700000000000001,0,0,1.018649632622711
ternary,11.75,0,0,1.0179300268559708
ternary,11.800000000000001,0,0,1.0171999512405565
ternary,11.850000000000001,0,0,1.0164608998036879
ternary,11.9,0,0,1.0157143928608929
ternary,11.950000000000001,0,0,1.0149619637947855
ternary,12,0,0,1.0142051459343882
ternary,12.050000000000001,0,0,1.0134454597736879
ternary,12.100000000000001,0,0,1.0126844007512854
ternary,12.15,0,0,1.0119234277903877
ternary,12.200000000000001,0,0,1.0111639527711491
ternary,12.25,0,0,1.0104073310767365
ternary,12.300000000000001,0,0,1.0096548533217995
ternary,12.350000000000001,0,0,1.0089077383385918
ternary,12.4,0,0,1.0081671274630064
ternary,12.450000000000001,0,0,1.007434080131407
ternary,12.5,0,0,1.0067095707702243
ternary,12.550000000000001,0,0,1.0059944869345958
ternary,12.600000000000001,0,0,1.0052896286303479
ternary,12.65,0,0,1.0045957087356592
ternary,12.700000000000001,0,0,1.0039133544248839
ternary,12.75,0,0,1.0032431094872076
ternary,12.800000000000001,0,0,1.0025854374267953
ternary,12.850000000000001,0,0,1.0019407252285979
ternary,12.9,0,0,1.0013092876745209
ternary,12.950000000000001,0,0,1.0006913720978345
ternary,13,0,0,1.0000871634689932
ternary,13.050000000000001,0,0,0.99949678971296252
ternary,13.100000000000001,0,0,0.99892032716625079
ternary,13.15,0,0,0.99835780609073377
ternary,13.200000000000001,0,0,0.9978092161705977
ternary,13.25,0,0,0.99727451192805794
ternary,13.300000000000001,0,0,0.99675361800261286
ternary,13.350000000000001,0,0,0.99624643424730885
ternary,13.4,0,0,0.99575284060360381
ternary,13.450000000000001,0,0,0.99527270172388727
ternary,13.5,0,0,0.99480587131739384
ternary,13.550000000000001,0,0,0.9943521962011812
ternary,13.600000000000001,0,0,0.99391152004298533
ternary,13.65,0,0,0.99348368678715493
ternary,13.700000000000001,0,0,0.99306854375855014
ternary,13.75,0,0,0.99266594444234302
ternary,13.800000000000001,0,0,0.99227575094009501
ternary,13.850000000000001,0,0,0.99189783610447591
ternary,13.9,0,0,0.99153208535650739
ternary,13.950000000000001,0,0,0.9911783981904323
ternary,14,0,0,0.99083668937223546
ternary,14.050000000000001,0,0,0.99050688983860502
ternary,14.100000000000001,0,0,0.99018894730374729
ternary,14.15,0,0,0.98988282658206128
ternary,14.200000000000001,0,0,0.98958850963524014
ternary,14.25,0,0,0.98930599535303176
ternary,14.300000000000001,0,0,0.98903529907758625
ternary,14.350000000000001,0,0,0.98877645188218433
ternary,14.4,0,0,0.98852949961613157
ternary,14.450000000000001,0,0,0.98829450172873146
ternary,14.5,0,0,0.98807152988657143
ternary,14.550000000000001,0,0,0.98786066639978054
ternary,14.600000000000001,0,0,0.98766200247449276
ternary,14.65,0,0,0.98747563631040824
ternary,14.700000000000001,0,0,0.98730167106406064
ternary,14.75,0,0,0.9871402127001162
ternary,14.800000000000001,0,0,0.98699136775470331
ternary,14.850000000000001,0,0,0.98685524103633415
ternary,14.9,0,0,0.98673193329136655
ternary,14.950000000000001,0,0,0.98662153886210524
ternary,15,0,0,0.98652414336648109
ternary,15.050000000000001,0,0,0.98643982142873698
ternary,15.100000000000001,0,0,0.98636863449059897
ternary,15.15,0,0,0.98631062873201636
ternary,15.200000000000001,0,0,0.98626583312964988
ternary,15.25,0,0,0.98623425767986728
ternary,15.300000000000001,0,0,0.98621589181106628
ternary,15.350000000000001,0,0,0.9862107030076902
ternary,15.4,0,0,0.98621863566536594
ternary,15.450000000000001,0,0,0.9862396101932307
ternary,15.5,0,0,0.98627352237576604
ternary,15.550000000000001,0,0,0.98632024300242227
ternary,15.600000000000001,0,0,0.98637961776907113
ternary,15.65,0,0,0.98645146745096179
ternary,15.700000000000001,0,0,0.98653558834250155
ternary,15.75,0,0,0.98663175295489991
ternary,15.800000000000001,0,0,0.98673971095865831
ternary,15.850000000000001,0,0,0.98685919035410707
ternary,15.9,0,0,0.98698989884980137
ternary,15.950000000000001,0,0,0.98713152542565752
ternary,16,0,0,0.98728374205528568
ternary,16.050000000000001,0,0,0.98744620556012985
ternary,16.100000000000001,0,0,0.98761855956674283
ternary,16.150000000000002,0,0,0.98780043653785199
ternary,16.199999999999999,0,0,0.98799145984776926
ternary,16.25,0,0,0.98819124587316576
ternary,16.300000000000001,0,0,0.9883994060711967
ternary,16.350000000000001,0,0,0.98861554901841497
ternary,16.400000000000002,0,0,0.98883928238573771
ternary,16.449999999999999,0,0,0.98907021482691804
ternary,16.5,0,0,0.98930795776040281
ternary,16.550000000000001,0,0,0.98955212702708573
ternary,16.600000000000001,0,0,0.98980234440920012
ternary,16.650000000000002,0,0,0.99005823899839407
ternary,16.699999999999999,0,0,0.99031944840380415
ternary,16.75,0,0,0.99058561979364812
ternary,16.800000000000001,0,0,0.99085641076645681
ternary,16.850000000000001,0,0,0.99113149005050027
ternary,16.900000000000002,0,0,0.99141053803221679
ternary,16.949999999999999,0,0,0.99169324711650542
ternary,17,0,0,0.99197932192357352
ternary,17.050000000000001,0,0,0.99226847932863271
ternary,17.100000000000001,0,0,0.99256044835213353
ternary,17.150000000000002,0,0,0.99285496990938715
ternary,17.199999999999999,0,0,0.99315179642939411
ternary,17.25,0,0,0.99345069135348341
ternary,17.300000000000001,0,0,0.99375142852495835
ternary,17.350000000000001,0,0,0.9940537914814126
ternary,17.400000000000002,0,0,0.99435757266169889
ternary,17.449999999999999,0,0,0.99466257253973978
ternary,17.5,0,0,0.99496859869748433
ternary,17.550000000000001,0,0,0.99527546484936114
ternary,17.600000000000001,0,0,0.99558298983054172
ternary,17.650000000000002,0,0,0.99589099656125946
ternary,17.699999999999999,0,0,0.99619931099931136
ternary,17.75,0,0,0.99650776109271777
ternary,17.800000000000001,0,0,0.99681617574433778
ternary,17.850000000000001,0,0,0.99712438380001844
ternary,17.900000000000002,0,0,0.99743221307162555
ternary,17.949999999999999,0,0,0.99773948940601143
ternary,18,0,0,0.99804603581066176
ternary,18.050000000000001,0,0,0.99835167164637961
ternary,18.100000000000001,0,0,0.99865621189693987
ternary,18.150000000000002,0,0,0.99895946652511758
ternary,18.199999999999999,0,0,0.99926123992391347
ternary,18.25,0,0,0.99956133047109341
ternary,18.300000000000001,0,0,0.99985953019436302
ternary,18.350000000000001,0,0,1.0001556245535752
ternary,18.400000000000002,0,0,1.0004493923453339
ternary,18.449999999999999,0,0,1.0007406057341808
ternary,18.5,0,0,1.0010290304132616
ternary,18.550000000000001,0,0,1.0013144258959557
ternary,18.600000000000001,0,0,1.0015965459384166
ternary,18.650000000000002,0,0,1.0018751390913476
ternary,18.699999999999999,0,0,1.0021499493776227
ternary,18.75,0,0,1.0024207170906085
ternary,18.800000000000001,0,0,1.0026871797062387
ternary,18.850000000000001,0,0,1.0029490729001156
ternary,18.900000000000002,0,0,1.0032061316591703
ternary,18.949999999999999,0,0,1.0034580914757532
ternary,19,0,0,1.0037046896104815
ternary,19.050000000000001,0,0,1.0039456664088151
ternary,19.100000000000001,0,0,1.0041807666551474
ternary,19.150000000000002,0,0,1.0044097409472776
ternary,19.200000000000003,0,0,1.0046323470734775
ternary,19.25,0,0,1.0048483513740127
ternary,19.300000000000001,0,0,1.0050575300689357
ternary,19.350000000000001,0,0,1.0052596705342818
ternary,19.400000000000002,0,0,1.0054545725094155
ternary,19.450000000000003,0,0,1.0056420492192504
ternary,19.5,0,0,1.0058219283963248
ternary,19.550000000000001,0,0,1.0059940531892901
ternary,19.600000000000001,0,0,1.0061582829461697
ternary,19.650000000000002,0,0,1.0063144938627835
ternary,19.700000000000003,0,0,1.0064625794889179
ternary,19.75,0,0,1.006602451087143
ternary,19.800000000000001,0,0,1.0067340378415215
ternary,19.850000000000001,0,0,1.0068572869158612
ternary,19.900000000000002,0,0,1.0069721633634621
ternary,19.950000000000003,0,0,1.0070786498925475
ternary,20,0,0,1.0071767464936541
ternary,20.050000000000001,0,0,1.0072664699371414
ternary,20.100000000000001,0,0,1.0073478531506583
ternary,20.150000000000002,0,0,1.0074209444878375
ternary,20.200000000000003,0,0,1.0074858069006389
ternary,20.25,0,0,1.0075425170286589
ternary,20.300000000000001,0,0,1.0075911642193227
ternary,20.350000000000001,0,0,1.0076318494932122
ternary,20.400000000000002,0,0,1.007664684468861
ternary,20.450000000000003,0,0,1.0076897902611663
ternary,20.5,0,0,1.0077072963671865
ternary,20.550000000000001,0,0,1.0077173395524961
ternary,20.600000000000001,0,0,1.0077200627505165
ternary,20.650000000000002,0,0,1.0077156139863517
ternary,20.700000000000003,0,0,1.007704145335651
ternary,20.75,0,0,1.0076858119279395
ternary,20.800000000000001,0,0,1.0076607710027294
ternary,20.850000000000001,0,0,1.0076291810255671
ternary,20.900000000000002,0,0,1.0075912008700108
ternary,20.950000000000003,0,0,1.007546989070391
ternary,21,0,0,1.0074967031491016
ternary,21.050000000000001,0,0,1.0074404990211197
ternary,21.100000000000001,0,0,1.0073785304774392
ternary,21.150000000000002,0,0,1.0073109487481904
ternary,21.200000000000003,0,0,1.007237902145355
ternary,21.25,0,0,1.0071595357841971
ternary,21.300000000000001,0,0,1.0070759913818448
ternary,21.350000000000001,0,0,1.0069874071307949
ternary,21.400000000000002,0,0,1.0068939176445841
ternary,21.450000000000003,0,0,1.0067956539723468
ternary,21.5,0,0,1.0066927436785666
ternary,21.550000000000001,0,0,1.0065853109839369
ternary,21.600000000000001,0,0,1.0064734769629236
ternary,21.650000000000002,0,0,1.0063573597933497
ternary,21.700000000000003,0,0,1.0062370750530585
ternary,21.75,0,0,1.0061127360585265
ternary,21.800000000000001,0,0,1.0059844542401095
ternary,21.850000000000001,0,0,1.0058523395484589
ternary,21.900000000000002,0,0,1.0057165008865232
ternary,21.950000000000003,0,0,1.0055770465614571
ternary,22,0,0,1.0054340847506784
ternary,22.050000000000001,0,0,1.0052877239762743
ternary,22.100000000000001,0,0,1.0051380735819262
ternary,22.150000000000002,0,0,1.0049852442065359
ternary,22.200000000000003,0,0,1.0048293482487745
ternary,22.25,0,0,1.0046705003168346
ternary,22.300000000000001,0,0,1.0045088176577974
ternary,22.350000000000001,0,0,1.0043444205611634
ternary,22.400000000000002,0,0,1.0041774327313016
ternary,22.450000000000003,0,0,1.0040079816238274
ternary,22.5,0,0,1.0038361987412132
ternary,22.550000000000001,0,0,1.0036622198833038
ternary,22.600000000000001,0,0,1.0034861853488228
ternary,22.650000000000002,0,0,1.0033082400844326
ternary,22.700000000000003,0,0,1.0031285337784352
ternary,22.75,0,0,1.0029472208968016
ternary,22.800000000000001,0,0,1.0027644606598345
ternary,22.850000000000001,0,0,1.0025804169584676
ternary,22.900000000000002,0,0,1.0023952582099074
ternary,22.950000000000003,0,0,1.0022091571530791
ternary,23,0,0,1.0020222905850913
ternary,23.050000000000001,0,0,1.0018348390407146
ternary,23.100000000000001,0,0,1.0016469864176185
ternary,23.150000000000002,0,0,1.0014589195508596
ternary,23.200000000000003,0,0,1.0012708277408158
ternary,23.25,0,0,1.0010829022394241
ternary,23.300000000000001,0,0,1.0008953357001662
ternary,23.350000000000001,0,0,1.0007083215977814
ternary,23.400000000000002,0,0,1.0005220536241011
ternary,23.450000000000003,0,0,1.0003367250667572
ternary,23.5,0,0,1.0001525281777379
ternary,23.550000000000001,0,0,0.99996965353889489
ternary,23.600000000000001,0,0,0.99978828943151432
ternary,23.650000000000002,0,0,0.99960862121696326
ternary,23.700000000000003,0,0,0.99943083073521122
ternary,23.75,0,0,0.99925509572769688
ternary,23.800000000000001,0,0,0.99908158929060187
ternary,23.850000000000001,0,0,0.99891047936406585
ternary,23.900000000000002,0,0,0.99874192826229591
ternary,23.950000000000003,0,0,0.99857609224885868
ternary,24,0,0,0.99841312116072989
ternary,24.050000000000001,0,0,0.99825315808392778
ternary,24.100000000000001,0,0,0.99809633908278361
ternary,24.150000000000002,0,0,0.99794279298411304
ternary,24.200000000000003,0,0,0.99779264121679068
ternary,24.25,0,0,0.99764599770646045
ternary,24.300000000000001,0,0,0.99750296882440637
ternary,24.350000000000001,0,0,0.9973636533889233
ternary,24.400000000000002,0,0,0.99722814271690974
ternary,24.450000000000003,0,0,0.9970965207228446
ternary,24.5,0,0,0.99696886406181751
ternary,24.550000000000001,0,0,0.99684524231286253
ternary,24.600000000000001,0,0,0.99672571819850442
ternary,24.650000000000002,0,0,0.99661034783615521
ternary,24.700000000000003,0,0,0.99649918101680934
ternary,24.75,0,0,0.99639226150635696
ternary,24.800000000000001,0,0,0.99628962736479554
ternary,24.850000000000001,0,0,0.99619131127862093
ternary,24.900000000000002,0,0,0.99609734090176372
ternary,24.950000000000003,0,0,0.99600773920054886
ternary,25,0,0,0.99592252479835186
ternary,25.050000000000001,0,0,0.99584171231582241
ternary,25.100000000000001,0,0,0.99576531270280977
ternary,25.150000000000002,0,0,0.99569333355840883
ternary,25.200000000000003,0,0,0.99562577943584141
ternary,25.25,0,0,0.99556265212922879
ternary,25.300000000000001,0,0,0.99550395093963406
ternary,25.350000000000001,0,0,0.99544967291812048
ternary,25.400000000000002,0,0,0.99539981308390735
ternary,25.450000000000003,0,0,0.99535436461608251
ternary,25.5,0,0,0.99531331901766618
ternary,25.550000000000001,0,0,0.99527666625119326
ternary,25.600000000000001,0,0,0.99524439484531579
ternary,25.650000000000002,0,0,0.99521649197226758
ternary,25.700000000000003,0,0,0.99519294349637766
ternary,25.75,0,0,0.99517373399412201
ternary,25.800000000000001,0,0,0.99515884674652133
ternary,25.850000000000001,0,0,0.99514826370499221
ternary,25.900000000000002,0,0,0.99514196543202993
ternary,25.950000000000003,0,0,0.99513993101837528
ternary,26,0,0,0.99514213797856599
ternary,26.050000000000001,0,0,0.99514856212699954
ternary,26.100000000000001,0,0,0.99515917743684601
ternary,26.150000000000002,0,0,0.99517395588434499
ternary,26.200000000000003,0,0,0.99519286728117018
ternary,26.25,0,0,0.99521587909770215
ternary,26.300000000000001,0,0,0.99524295628014736
ternary,26.350000000000001,0,0,0.99527406106453076
ternary,26.400000000000002,0,0,0.99530915279063581
ternary,26.450000000000003,0,0,0.99534818771898925
ternary,26.5,0,0,0.99539111885395837
ternary,26.550000000000001,0,0,0.99543789577599495
ternary,26.600000000000001,0,0,0.99548846448594641
ternary,26.650000000000002,0,0,0.99554276726424884
ternary,26.700000000000003,0,0,0.99560074254763997
ternary,26.75,0,0,0.99566232482583683
ternary,26.800000000000001,0,0,0.99572744456038376
ternary,26.850000000000001,0,0,0.99579602812761492
ternary,26.900000000000002,0,0,0.99586799778737456
ternary,26.950000000000003,0,0,0.99594327167881813
ternary,27,0,0,0.99602176384426899
ternary,27.050000000000001,0,0,0.99610338428174927
ternary,27.100000000000001,0,0,0.9961880390264215
ternary,27.150000000000002,0,0,0.99627563026080213
ternary,27.200000000000003,0,0,0.99636605645322252
ternary,27.25,0,0,0.99645921252364122
ternary,27.300000000000001,0,0,0.99655499003554082
ternary,27.350000000000001,0,0,0.99665327741230214
ternary,27.400000000000002,0,0,0.9967539601761225
ternary,27.450000000000003,0,0,0.99685692120725178
ternary,27.5,0,0,0.99696204102106112
ternary,27.550000000000001,0,0,0.9970691980602342
ternary,27.600000000000001,0,0,0.99717826899919804
ternary,27.650000000000002,0,0,0.99728912905777023
ternary,27.700000000000003,0,0,0.99740165232090883
ternary,27.75,0,0,0.9975157120614162
ternary,27.800000000000001,0,0,0.99763118106244786
ternary,27.850000000000001,0,0,0.99774793193672451
ternary,27.900000000000002,0,0,0.99786583743945279
ternary,27.950000000000003,0,0,0.9979847707720837
ternary,28,0,0,0.99810460587421213
ternary,28.050000000000001,0,0,0.99822521770114336
ternary,28.100000000000001,0,0,0.99834648248486535
ternary,28.150000000000002,0,0,0.9984682779764501
ternary,28.200000000000003,0,0,0.9985904836681726
ternary,28.25,0,0,0.99871298099393879
ternary,28.300000000000001,0,0,0.99883565350691339
ternary,28.350000000000001,0,0,0.998958387033552
ternary,28.400000000000002,0,0,0.9990810698035445
ternary,28.450000000000003,0,0,0.99920359255547975
ternary,28.5,0,0,0.99932584861834106
ternary,28.550000000000001,0,0,0.99944773396921316
ternary,28.600000000000001,0,0,0.99956914726785129
ternary,28.650000000000002,0,0,0.99968998986901181
ternary,28.700000000000003,0,0,0.99981016581366433
ternary,28.75,0,0,0.99992958180040714
ternary,28.800000000000001,0,0,1.0000481471386005
ternary,28.850000000000001,0,0,1.0001657736848713
ternary,28.900000000000002,0,0,1.000282375764785
ternary,28.950000000000003,0,0,1.0003978700815914
ternary,29,0,0,1.0005121756140218
ternary,29.050000000000001,0,0,1.000625213505189
ternary,29.100000000000001,0,0,1.0007369069446714
ternary,29.150000000000002,0,0,1.0008471810458817
ternary,29.200000000000003,0,0,1.0009559627208149
ternary,29.25,0,0,1.0010631805542494
ternary,29.300000000000001,0,0,1.0011687646794281
ternary,29.350000000000001,0,0,1.001272646657192
ternary,29.400000000000002,0,0,1.0013747593604581
ternary,29.450000000000003,0,0,1.0014750368658454
ternary,29.5,0,0,1.0015734143541435
ternary,29.550000000000001,0,0,1.001669828021206
ternary,29.600000000000001,0,0,1.0017642150007089
ternary,29.650000000000002,0,0,1.0018565133000821
ternary,29.700000000000003,0,0,1.0019466617507551
ternary,29.75,0,0,1.0020345999737053
ternary,29.800000000000001,0,0,1.0021202683611152
ternary,29.850000000000001,0,0,1.0022036080747654
ternary,29.900000000000002,0,0,1.0022845610615965
ternary,29.950000000000003,0,0,1.0023630700866863
ternary,30,0,0,1.0024390787836754
ternary,0,0,1,-0.0036460684944218777
ternary,0.050000000000000003,0,1,-0.0036771424088455728
ternary,0.10000000000000001,0,1,-0.0037703955622828533
ternary,0.15000000000000002,0,1,-0.0039259135586346642
ternary,0.20000000000000001,0,1,-0.004143842661272326
ternary,0.25,0,1,-0.0044243878647844889
ternary,0.30000000000000004,0,1,-0.004767813886493652
ternary,0.35000000000000003,0,1,-0.0051744462651803561
ternary,0.40000000000000002,0,1,-0.0056446725168186078
ternary,0.45000000000000001,0,1,-0.0061789435241524368
ternary,0.5,0,1,-0.0067777751267695365
ternary,0.55000000000000004,0,1,-0.0074417499201865243
ternary,0.60000000000000009,0,1,-0.0081715192493404618
ternary,0.65000000000000002,0,1,-0.0089678053970444396
ternary,0.70000000000000007,0,1,-0.0098314039544232252
ternary,0.75,0,1,-0.01076318636710755
ternary,0.80000000000000004,0,1,-0.011764102643735154
ternary,0.85000000000000009,0,1,-0.012835184211207282
ternary,0.90000000000000002,0,1,-0.013977546898599721
ternary,0.95000000000000007,0,1,-0.015192394026183602
ternary,1,0,1,-0.016481019571767896
ternary,1.05,0,1,-0.017844811379711445
ternary,1.1000000000000001,0,1,-0.019285254371593806
ternary,1.1500000000000001,0,1,-0.020803933708015736
ternary,1.2000000000000002,0,1,-0.022402537841734356
ternary,1.25,0,1,-0.02408286138988629
ternary,1.3,0,1,-0.025846807739429545
ternary,1.3500000000000001,0,1,-0.027696391283279515
ternary,1.4000000000000001,0,1,-0.029633739165801753
ternary,1.4500000000000002,0,1,-0.031661092393786359
ternary,1.5,0,1,-0.033780806143420196
ternary,1.55,0,1,-0.035995349063595194
ternary,1.6000000000000001,0,1,-0.038307301341550894
ternary,1.6500000000000001,0,1,-0.040719351256952863
ternary,1.7000000000000002,0,1,-0.043234289905148125
ternary,1.75,0,1,-0.045855003718407103
ternary,1.8,0,1,-0.048584464355294163
ternary,1.8500000000000001,0,1,-0.05142571546206743
ternary,1.9000000000000001,0,1,-0.054381855736023013
ternary,1.9500000000000002,0,1,-0.057456017638696483
ternary,2,0,1,-0.060651341016801523
ternary,2.0500000000000003,0,1,-0.063970940791355568
ternary,2.1000000000000001,0,1,-0.067417867771631043
ternary,2.1499999999999999,0,1,-0.070995061542216742
ternary,2.2000000000000002,0,1,-0.07470529426163755
ternary,2.25,0,1,-0.078551104103915442
ternary,2.3000000000000003,0,1,-0.082534716976445086
ternary,2.3500000000000001,0,1,-0.086657955066950454
ternary,2.4000000000000004,0,1,-0.090922130720453534
ternary,2.4500000000000002,0,1,-0.095327924138742123
ternary,2.5,0,1,-0.099875243448461284
ternary,2.5500000000000003,0,1,-0.1045630658229178
ternary,2.6000000000000001,0,1,-0.10938925859512053
ternary,2.6500000000000004,0,1,-0.11435037969878499
ternary,2.7000000000000002,0,1,-0.11944145735798171
ternary,2.75,0,1,-0.12465574975648734
ternary,2.8000000000000003,0,1,-0.12998448649780772
ternary,2.8500000000000001,0,1,-0.13541659505739934
ternary,2.9000000000000004,0,1,-0.14093841716323627
ternary,2.9500000000000002,0,1,-0.14653342213778867
ternary,3,0,1,-0.15218192668638966
ternary,3.0500000000000003,0,1,-0.15786083337838983
ternary,3.1000000000000001,0,1,-0.16354340304029627
ternary,3.1500000000000004,0,1,-0.16919907929819453
ternary,3.2000000000000002,0,1,-0.17479338632283825
ternary,3.25,0,1,-0.18028792310812161
ternary,3.3000000000000003,0,1,-0.18564047892789221
ternary,3.3500000000000001,0,1,-0.19080529447286554
ternary,3.4000000000000004,0,1,-0.19573349104293883
ternary,3.4500000000000002,0,1,-0.2003736855671063
ternary,3.5,0,1,-0.20467280177178721
ternary,3.5500000000000003,0,1,-0.20857707737780884
ternary,3.6000000000000001,0,1,-0.21203325398111975
ternary,3.6500000000000004,0,1,-0.21498992091016905
ternary,3.7000000000000002,0,1,-0.21739896799510014
ternary,3.75,0,1,-0.21921708643794505
ternary,3.8000000000000003,0,1,-0.22040724378290946
ternary,3.8500000000000001,0,1,-0.22094005039441586
ternary,3.9000000000000004,0,1,-0.22079493267496664
ternary,3.9500000000000002,0,1,-0.21996103372689479
ternary,4,0,1,-0.21843777560989092
ternary,4.0499999999999998,0,1,-0.21623503800121571
ternary,4.1000000000000005,0,1,-0.21337293406169258
ternary,4.1500000000000004,0,1,-0.20988119290349616
ternary,4.2000000000000002,0,1,-0.20579818603268432
ternary,4.25,0,1,-0.20116965933987616
ternary,4.2999999999999998,0,1,-0.19604725004456072
ternary,4.3500000000000005,0,1,-0.19048687783713891
ternary,4.4000000000000004,0,1,-0.18454710084719167
ternary,4.4500000000000002,0,1,-0.17828752066898124
ternary,4.5,0,1,-0.17176730807089885
ternary,4.5499999999999998,0,1,-0.16504390432529356
ternary,4.6000000000000005,0,1,-0.15817193459255344
ternary,4.6500000000000004,0,1,-0.15120235155876008
ternary,4.7000000000000002,0,1,-0.14418181120227039
ternary,4.75,0,1,-0.13715226923493345
ternary,4.8000000000000007,0,1,-0.13015077694626781
ternary,4.8500000000000005,0,1,-0.12320944890373728
ternary,4.9000000000000004,0,1,-0.11635557189693937
ternary,4.9500000000000002,0,1,-0.10961182410257038
ternary,5,0,1,-0.10299657503857951
ternary,5.0500000000000007,0,1,-0.0965242398212805
ternary,5.1000000000000005,0,1,-0.09020566495976233
ternary,5.1500000000000004,0,1,-0.084048526945738014
ternary,5.2000000000000002,0,1,-0.07805772887031226
ternary,5.25,0,1,-0.072235783981218965
ternary,5.3000000000000007,0,1,-0.066583178341251797
ternary,5.3500000000000005,0,1,-0.061098707494257748
ternary,5.4000000000000004,0,1,-0.055779784278990288
ternary,5.4500000000000002,0,1,-0.050622716680977911
ternary,5.5,0,1,-0.045622955928583592
ternary,5.5500000000000007,0,1,-0.040775315982735927
ternary,5.6000000000000005,0,1,-0.03607416620409884
ternary,5.6500000000000004,0,1,-0.031513599367543735
ternary,5.7000000000000002,0,1,-0.027087577386485619
ternary,5.75,0,1,-0.022790057156107327
ternary,5.8000000000000007,0,1,-0.018615098863964764
ternary,5.8500000000000005,0,1,-0.014556958980513356
ternary,5.9000000000000004,0,1,-0.010610169955468941
ternary,5.9500000000000002,0,1,-0.0067696084274845754
ternary,6,0,1,-0.0030305535183934003
ternary,6.0500000000000007,0,1,0.0006112634605697835
ternary,6.1000000000000005,0,1,0.0041596168073613684
ternary,6.1500000000000004,0,1,0.0076177508887661305
ternary,6.2000000000000002,0,1,0.010988350648257365
ternary,6.25,0,1,0.014273517768845528
ternary,6.3000000000000007,0,1,0.017474752303359264
ternary,6.3500000000000005,0,1,0.020592939773810364
ternary,6.4000000000000004,0,1,0.023628343911329567
ternary,6.4500000000000002,0,1,0.026580605355213224
ternary,6.5,0,1,0.029448746749866674
ternary,6.5500000000000007,0,1,0.032231184767248497
ternary,6.6000000000000005,0,1,0.034925749634724272
ternary,6.6500000000000004,0,1,0.037529712758731307
ternary,6.7000000000000002,0,1,0.040039822998201947
ternary,6.75,0,1,0.042452352053837128
ternary,6.8000000000000007,0,1,0.044763149296871835
ternary,6.8500000000000005,0,1,0.046967706162712689
ternary,6.9000000000000004,0,1,0.049061229982181064
ternary,6.9500000000000002,0,1,0.051038726820815922
ternary,7,0,1,0.052895092553355984
ternary,7.0500000000000007,0,1,0.054625211028837606
ternary,7.1000000000000005,0,1,0.056224057798500662
ternary,7.1500000000000004,0,1,0.057686807504331902
ternary,7.2000000000000002,0,1,0.059008942683768523
ternary,7.25,0,1,0.060186361460408858
ternary,7.3000000000000007,0,1,0.061215481385706864
ternary,7.3500000000000005,0,1,0.062093336594319967
ternary,7.4000000000000004,0,1,0.062817665453205926
ternary,7.4500000000000002,0,1,0.063386986032303888
ternary,7.5,0,1,0.063800657005063599
ternary,7.5500000000000007,0,1,0.064058921993370294
ternary,7.6000000000000005,0,1,0.064162935887362577
ternary,7.6500000000000004,0,1,0.064114772271430226
ternary,7.7000000000000002,0,1,0.06391741174152317
ternary,7.75,0,1,0.063574711569458736
ternary,7.8000000000000007,0,1,0.063091357819221719
ternary,7.8500000000000005,0,1,0.062472801611872672
ternary,7.9000000000000004,0,1,0.06172518173768185
ternary,7.9500000000000002,0,1,0.060855236201545392
ternary,8,0,1,0.059870205544424251
ternary,8.0500000000000007,0,1,0.058777730902834037
ternary,8.0999999999999996,0,1,0.057585749753148043
ternary,8.1500000000000004,0,1,0.056302392148961829
ternary,8.2000000000000011,0,1,0.054935880016170072
ternary,8.25,0,1,0.053494431744620728
ternary,8.3000000000000007,0,1,0.051986173932647567
ternary,8.3499999999999996,0,1,0.050419061727158827
ternary,8.4000000000000004,0,1,0.048800808781430553
ternary,8.4500000000000011,0,1,0.047138827446446374
ternary,8.5,0,1,0.045440179436635399
ternary,8.5500000000000007,0,1,0.043711536879802934
ternary,8.5999999999999996,0,1,0.041959153381985928
ternary,8.6500000000000004,0,1,0.0401888445147318
ternary,8.7000000000000011,0,1,0.03840597696507965
ternary,8.75,0,1,0.03661546547454566
ternary,8.8000000000000007,0,1,0.034821776627754174
ternary,8.8499999999999996,0,1,0.033028938527659715
ternary,8.9000000000000004,0,1,0.031240555405484208
ternary,8.9500000000000011,0,1,0.029459826252289167
ternary,9,0,1,0.027689566618509014
ternary,9.0500000000000007,0,1,0.025932232801378543
ternary,9.0999999999999996,0,1,0.024189947722356421
ternary,9.1500000000000004,0,1,0.022464527882614927
ternary,9.2000000000000011,0,1,0.020757510870595824
ternary,9.25,0,1,0.019070182978521422
ternary,9.3000000000000007,0,1,0.017403606562423905
ternary,9.3499999999999996,0,1,0.015758646851207661
ternary,9.4000000000000004,0,1,0.014135997973579536
ternary,9.4500000000000011,0,1,0.01253620802694185
ternary,9.5,0,1,0.010959703059467592
ternary,9.5500000000000007,0,1,0.0094068098757967046
ternary,9.6000000000000014,0,1,0.0078777776085155668
ternary,9.6500000000000004,0,1,0.0063727980223608812
ternary,9.7000000000000011,0,1,0.0048920245365631047
ternary,9.75,0,1,0.003435589963582807
ternary,9.8000000000000007,0,1,0.0020036229703865737
ternary,9.8500000000000014,0,1,0.00059626327204556997
ternary,9.9000000000000004,0,1,-0.00078632443252267504
ternary,9.9500000000000011,0,1,-0.0021439377757565157
ternary,10,0,1,-0.0034763252859197451
ternary,10.050000000000001,0,1,-0.0047831762061252567
ternary,10.100000000000001,0,1,-0.0060641115812960118
ternary,10.15,0,1,-0.0073186766351093883
ternary,10.200000000000001,0,1,-0.0085463344676187138
ternary,10.25,0,1,-0.0097464611123149036
ternary,10.300000000000001,0,1,-0.010918341998312105
ternary,10.350000000000001,0,1,-0.012061169868543069
ternary,10.4,0,1,-0.01317404420778545
ternary,10.450000000000001,0,1,-0.014255972234461886
ternary,10.5,0,1,-0.015305871506969758
ternary,10.550000000000001,0,1,-0.01632257418835089
ternary,10.600000000000001,0,1,-0.017304833002034281
ternary,10.65,0,1,-0.018251328895920065
ternary,10.700000000000001,0,1,-0.019160680412087187
ternary,10.75,0,1,-0.020031454734945376
ternary,10.800000000000001,0,1,-0.020862180361951352
ternary,10.850000000000001,0,1,-0.021651361308522656
ternary,10.9,0,1,-0.02239749272321389
ternary,10.950000000000001,0,1,-0.023099077751500809
ternary,11,0,1,-0.023754645447833615
ternary,11.050000000000001,0,1,-0.024362769497361214
ternary,11.100000000000001,0,1,-0.024922087472461024
ternary,11.15,0,1,-0.025431320316621334
ternary,11.200000000000001,0,1,-0.025889291721036382
ternary,11.25,0,1,-0.026294947039166988
ternary,11.300000000000001,0,1,-0.026647371373019358
ternary,11.350000000000001,0,1,-0.026945806463277929
ternary,11.4,0,1,-0.027189666024625123
ternary,11.450000000000001,0,1,-0.027378549188083825
ternary,11.5,0,1,-0.027512251744017623
ternary,11.550000000000001,0,1,-0.027590774921975252
ternary,11.600000000000001,0,1,-0.027614331495770288
ternary,11.65,0,1,-0.027583349062444241
ternary,11.700000000000001,0,1,-0.027498470410011404
ternary,11.75,0,1,-0.027360550958730603
ternary,11.800000000000001,0,1,-0.027170653331468227
ternary,11.850000000000001,0,1,-0.026930039177814939
ternary,11.9,0,1,-0.026640158441372172
ternary,11.950000000000001,0,1,-0.026302636317633604
ternary,12,0,1,-0.025919258199105493
ternary,12.050000000000001,0,1,-0.025491952943142555
ternary,12.100000000000001,0,1,-0.025022774825362391
ternary,12.15,0,1,-0.024513884556937836
ternary,12.200000000000001,0,1,-0.023967529747614298
ternary,12.25,0,1,-0.023386025188539418
ternary,12.300000000000001,0,1,-0.022771733310961949
ternary,12.350000000000001,0,1,-0.022127045149958304
ternary,12.4,0,1,-0.021454362108238666
ternary,12.450000000000001,0,1,-0.020756078775584164
ternary,12.5,0,1,-0.020034567016428216
ternary,12.550000000000001,0,1,-0.019292161493319721
ternary,12.600000000000001,0,1,-0.018531146749165846
ternary,12.65,0,1,-0.017753745927711565
ternary,12.700000000000001,0,1,-0.016962111170905063
ternary,12.75,0,1,-0.016158315694581198
ternary,12.800000000000001,0,1,-0.015344347510960588
ternary,12.850000000000001,0,1,-0.014522104738241578
ternary,12.9,0,1,-0.013693392414241475
ternary,12.950000000000001,0,1,-0.012859920712606934
ternary,13,0,1,-0.012023304446366779
ternary,13.050000000000001,0,1,-0.01118506373421376
ternary,13.100000000000001,0,1,-0.010346625699455174
ternary,13.15,0,1,-0.0095093270695703214
ternary,13.200000000000001,0,1,-0.0086744175452427956
ternary,13.25,0,1,-0.0078430638110701546
ternary,13.300000000000001,0,1,-0.0070163540653852404
ternary,13.350000000000001,0,1,-0.0061953029532828083
ternary,13.4,0,1,-0.0053808567945972108
ternary,13.450000000000001,0,1,-0.0045738990068518361
ternary,13.5,0,1,-0.0037752556317736073
ternary,13.550000000000001,0,1,-0.0029857008825734583
ternary,13.600000000000001,0,1,-0.0022059626376309855
ternary,13.65,0,1,-0.0014367278143245434
ternary,13.700000000000001,0,1,-0.00067864756441461877
ternary,13.75,0,1,6.7657760455527101e-05
ternary,13.800000000000001,0,1,0.00080159391796210517
ternary,13.850000000000001,0,1,0.0015225883977496046
ternary,13.9,0,1,0.002230086390714156
ternary,13.950000000000001,0,1,0.0029235471330263025
ternary,14,0,1,0.0036024406483317335
ternary,14.050000000000001,0,1,0.0042662449072528074
ternary,14.100000000000001,0,1,0.0049144434192697622
ternary,14.15,0,1,0.0055465232682186238
ternary,14.200000000000001,0,1,0.0061619735989238032
ternary,14.25,0,1,0.006760284558819391
ternary,14.300000000000001,0,1,0.0073409466947435787
ternary,14.350000000000001,0,1,0.0079034508013598841
ternary,14.4,0,1,0.0084472882138313804
ternary,14.450000000000001,0,1,0.0089719515334211603
ternary,14.5,0,1,0.0094769357706061836
ternary,14.550000000000001,0,1,0.0099617398860802706
ternary,14.600000000000001,0,1,0.010425868705708104
ternary,14.65,0,1,0.010868835181122019
ternary,14.700000000000001,0,1,0.011290162963283494
ternary,14.75,0,1,0.011689389252040955
ternary,14.800000000000001,0,1,0.012066067880593664
ternary,14.850000000000001,0,1,0.012419772589919222
ternary,14.9,0,1,0.012750100444753099
ternary,14.950000000000001,0,1,0.013056675339733585
ternary,15,0,1,0.013339151541962352
ternary,15.050000000000001,0,1,0.013597217214588979
ternary,15.100000000000001,0,1,0.013830597865205223
ternary,15.15,0,1,0.014039059662920395
ternary,15.200000000000001,0,1,0.014222412569044411
ternary,15.25,0,1,0.014380513228373122
ternary,15.300000000000001,0,1,0.014513267571164584
ternary,15.350000000000001,0,1,0.014620633079996819
ternary,15.4,0,1,0.014702620680759788
ternary,15.450000000000001,0,1,0.014759296222975709
ternary,15.5,0,1,0.014790781521350679
ternary,15.550000000000001,0,1,0.014797254937800193
ternary,15.600000000000001,0,1,0.014778951490996546
ternary,15.65,0,1,0.014736162488578664
ternary,15.700000000000001,0,1,0.014669234685351692
ternary,15.75,0,1,0.014578568978885783
ternary,15.800000000000001,0,1,0.014464618661706277
ternary,15.850000000000001,0,1,0.014327887256563704
ternary,15.9,0,1,0.014168925967910417
ternary,15.950000000000001,0,1,0.013988330788542881
ternary,16,0,1,0.013786739305271472
ternary,16.050000000000001,0,1,0.013564827251361393
ternary,16.100000000000001,0,1,0.013323304856289962
ternary,16.150000000000002,0,1,0.013062913045060073
ternary,16.199999999999999,0,1,0.012784419539905742
ternary,16.25,0,1,0.012488614916759242
ternary,16.300000000000001,0,1,0.012176308667388324
ternary,16.350000000000001,0,1,0.011848325315743612
ternary,16.400000000000002,0,1,0.011505500633891819
ternary,16.449999999999999,0,1,0.011148677999069932
ternary,16.5,0,1,0.010778704929012645
ternary,16.550000000000001,0,1,0.010396429827914264
ternary,16.600000000000001,0,1,0.010002698970320273
ternary,16.650000000000002,0,1,0.0095983537450337851
ternary,16.699999999999999,0,1,0.0091842281758851667
ternary,16.75,0,1,0.008761146731059162
ternary,16.800000000000001,0,1,0.0083299224276965241
ternary,16.850000000000001,0,1,0.0078913552337639432
ternary,16.900000000000002,0,1,0.0074462307647833199
ternary,16.949999999999999,0,1,0.0069953192689731864
ternary,17,0,1,0.0065393748907169686
ternary,17.050000000000001,0,1,0.0060791351990520529
ternary,17.100000000000001,0,1,0.0056153209650770053
ternary,17.150000000000002,0,1,0.0051486361697988458
ternary,17.199999999999999,0,1,0.0046797682219743052
ternary,17.25,0,1,0.0042093883639183925
ternary,17.300000000000001,0,1,0.0037381522420389252
ternary,17.350000000000001,0,1,0.0032667006179744585
ternary,17.400000000000002,0,1,0.0027956601956422252
ternary,17.449999999999999,0,1,0.0023256445392085576
ternary,17.5,0,1,0.001857255056951125
ternary,17.550000000000001,0,1,0.0013910820261663071
ternary,17.600000000000001,0,1,0.00092770563465914752
ternary,17.650000000000002,0,1,0.00046769701492538785
ternary,17.699999999999999,0,1,1.1619247873636027e-05
ternary,17.75,0,1,-0.00043997168616549394
ternary,17.800000000000001,0,1,-0.00088652603034592293
ternary,17.850000000000001,0,1,-0.0013274994681343999
ternary,17.900000000000002,0,1,-0.0017623524527194821
ternary,17.949999999999999,0,1,-0.0021905496661663647
ternary,18,0,1,-0.0026115596238341504
ternary,18.050000000000001,0,1,-0.0030248544377670427
ternary,18.100000000000001,0,1,-0.0034299097508051941
ternary,18.150000000000002,0,1,-0.0038262048510306146
ternary,18.199999999999999,0,1,-0.0042132229738701954
ternary,18.25,0,1,-0.0045904517967238845
ternary,18.300000000000001,0,1,-0.0049573841283792426
ternary,18.350000000000001,0,1,-0.0053135187927278995
ternary,18.400000000000002,0,1,-0.0056583617034332524
ternary,18.449999999999999,0,1,-0.0059914271232388086
ternary,18.5,0,1,-0.0063122390985866335
ternary,18.550000000000001,0,1,-0.0066203330571738862
ternary,18.600000000000001,0,1,-0.0069152575530627555
ternary,18.650000000000002,0,1,-0.0071965761410249449
ternary,18.699999999999999,0,1,-0.0074638693590080738
ternary,18.75,0,1,-0.0077167367950194592
ternary,18.800000000000001,0,1,-0.0079547992123962068
ternary,18.850000000000001,0,1,-0.0081777007054379767
ternary,18.900000000000002,0,1,-0.0083851108557787754
ternary,18.949999999999999,0,1,-0.0085767268587293912
ternary,19,0,1,-0.0087522755881818282
ternary,19.050000000000001,0,1,-0.008911515568573997
ternary,19.100000000000001,0,1,-0.0090542388228993728
ternary,19.150000000000002,0,1,-0.0091802725668262732
ternary,19.200000000000003,0,1,-0.0092894807206695008
ternary,19.25,0,1,-0.0093817652132167761
ternary,19.300000000000001,0,1,-0.0094570670542233181
ternary,19.350000000000001,0,1,-0.0095153671557006679
ternary,19.400000000000002,0,1,-0.0095566868858785164
ternary,19.450000000000003,0,1,-0.0095810883438304101
ternary,19.5,0,1,-0.0095886743471378325
ternary,19.550000000000001,0,1,-0.0095795881295215081
ternary,19.600000000000001,0,1,-0.0095540127499893351
ternary,19.650000000000002,0,1,-0.0095121702196290011
ternary,19.700000000000003,0,1,-0.0094543203566031502
ternary,19.75,0,1,-0.0093807593840845877
ternary,19.800000000000001,0,1,-0.0092918182897034698
ternary,19.850000000000001,0,1,-0.00918786096848637
ternary,19.900000000000002,0,1,-0.0090692821741778229
ternary,19.950000000000003,0,1,-0.008936505306196817
ternary,20,0,1,-0.0087899800612554844
ternary,20.050000000000001,0,1,-0.0086301799798367725
ternary,20.100000000000001,0,1,-0.0084575999182904503
ternary,20.150000000000002,0,1,-0.0082727534772759678
ternary,20.200000000000003,0,1,-0.0080761704166874664
ternary,20.25,0,1,-0.007868394086082595
ternary,20.300000000000001,0,1,-0.007649978898056865
ternary,20.350000000000001,0,1,-0.0074214878700216902
ternary,20.400000000000002,0,1,-0.0071834902575242049
ternary,20.450000000000003,0,1,-0.0069365592996632674
ternary,20.5,0,1,-0.0066812700943795671
ternary,20.550000000000001,0,1,-0.0064181976184996287
ternary,20.600000000000001,0,1,-0.0061479149044618682
ternary,20.650000000000002,0,1,-0.005870991382707357
ternary,20.700000000000003,0,1,-0.0055879913958376739
ternary,20.75,0,1,-0.0052994728878724877
ternary,20.800000000000001,0,1,-0.0050059862693222689
ternary,20.850000000000001,0,1,-0.0047080734563601703
ternary,20.900000000000002,0,1,-0.0044062670801531525
ternary,20.950000000000003,0,1,-0.0041010898604172613
ternary,21,0,1,-0.0037930541355011295
ternary,21.050000000000001,0,1,-0.0034826615397820664
ternary,21.100000000000001,0,1,-0.0031704028178779508
ternary,21.150000000000002,0,1,-0.0028567577641276224
ternary,21.200000000000003,0,1,-0.0025421952749662123
ternary,21.25,0,1,-0.0022271735012031795
ternary,21.300000000000001,0,1,-0.0019121400867884023
ternary,21.350000000000001,0,1,-0.001597532480408298
ternary,21.400000000000002,0,1,-0.0012837783061735704
ternary,21.450000000000003,0,1,-0.00097129577972809606
ternary,21.5,0,1,-0.0006604941563081708
ternary,21.550000000000001,0,1,-0.00035177419759950659
ternary,21.600000000000001,0,1,-4.5528644663095518e-05
ternary,21.650000000000002,0,1,0.0002578573152815789
ternary,21.700000000000003,0,1,0.00055800559982526051
ternary,21.75,0,1,0.00085454481102072285
ternary,21.800000000000001,0,1,0.0011471098539019156
ternary,21.850000000000001,0,1,0.0014353416032426738
ternary,21.900000000000002,0,1,0.0017188866270577234
ternary,21.950000000000003,0,1,0.0019973969744213576
ternary,22,0,1,0.0022705300342003606
ternary,22.050000000000001,0,1,0.0025379484702688529
ternary,22.100000000000001,0,1,0.0027993202376959702
ternary,22.150000000000002,0,1,0.0030543186832786484
ternary,22.200000000000003,0,1,0.0033026227326319354
ternary,22.25,0,1,0.0035439171648568128
ternary,22.300000000000001,0,1,0.0037778929745849355
ternary,22.350000000000001,0,1,0.0040042478199594569
ternary,22.400000000000002,0,1,0.0042226865538624479
ternary,22.450000000000003,0,1,0.0044329218344512982
ternary,22.5,0,1,0.0046346748098350238
ternary,22.550000000000001,0,1,0.0048276758705196711
ternary,22.600000000000001,0,1,0.0050116654620974864
ternary,22.650000000000002,0,1,0.0051863949495650069
ternary,22.700000000000003,0,1,0.0053516275236491113
ternary,22.75,0,1,0.005507139138616949
ternary,22.800000000000001,0,1,0.0056527194702645743
ternary,22.850000000000001,0,1,0.0057881728821387521
ternary,22.900000000000002,0,1,0.005913319387564283
ternary,22.950000000000003,0,1,0.0060279955947403971
ternary,23,0,1,0.0061320556220482393
ternary,23.050000000000001,0,1,0.006225371970786508
ternary,23.100000000000001,0,1,0.0063078363428306153
ternary,23.150000000000002,0,1,0.0063793603911948861
ternary,23.200000000000003,0,1,0.0064398763921648195
ternary,23.25,0,1,0.006489337828550725
ternary,23.300000000000001,0,1,0.006527719874684027
ternary,23.350000000000001,0,1,0.0065550197750163051
ternary,23.400000000000002,0,1,0.0065712571095691121
ternary,23.450000000000003,0,1,0.0065764739409944952
ternary,23.5,0,1,0.0065707348396146746
ternary,23.550000000000001,0,1,0.0065541267844833233
ternary,23.600000000000001,0,1,0.0065267589402181313
ternary,23.650000000000002,0,1,0.0064887623110610653
ternary,23.700000000000003,0,1,0.0064402892752952138
ternary,23.75,0,1,0.0063815130047525656
ternary,23.800000000000001,0,1,0.006312626775654139
ternary,23.850000000000001,0,1,0.0062338431784046177
ternary,23.900000000000002,0,1,0.0061453932351920029
ternary,23.950000000000003,0,1,0.0060475254352987092
ternary,24,0,1,0.0059405046988964868
ternary,24.050000000000001,0,1,0.0058246112807622819
ternary,24.100000000000001,0,1,0.0057001396258087407
ternary,24.150000000000002,0,1,0.0055673971885693285
ternary,24.200000000000003,0,1,0.0054267032288176391
ternary,24.25,0,1,0.0052783875953403923
ternary,24.300000000000001,0,1,0.0051227895095352586
ternary,24.350000000000001,0,1,0.0049602563599841429
ternary,24.400000000000002,0,1,0.0047911425184761309
ternary,24.450000000000003,0,1,0.0046158081871444405
ternary,24.5,0,1,0.0044346182854580474
ternary,24.550000000000001,0,1,0.0042479413847957932
ternary,24.600000000000001,0,1,0.0040561486972506252
ternary,24.650000000000002,0,1,0.0038596131241870149
ternary,24.700000000000003,0,1,0.0036587083689282891
ternary,24.75,0,1,0.0034538081168018452
ternary,24.800000000000001,0,1,0.0032452852846390685
ternary,24.850000000000001,0,1,0.0030335113407298415
ternary,24.900000000000002,0,1,0.0028188556951833973
ternary,24.950000000000003,0,1,0.0026016851596616522
ternary,25,0,1,0.0023823634745375063
ternary,25.050000000000001,0,1,0.0021612509006980977
ternary,25.100000000000001,0,1,0.0019387038724675712
ternary,25.150000000000002,0,1,0.0017150747074698481
ternary,25.200000000000003,0,1,0.0014907113686922257
ternary,25.25,0,1,0.0012659572735461663
ternary,25.300000000000001,0,1,0.0010411511443517059
ternary,25.350000000000001,0,1,0.00081662689439651701
ternary,25.400000000000002,0,1,0.00059271354353513522
ternary,25.450000000000003,0,1,0.00036973515719802282
ternary,25.5,0,1,0.00014801080266793701
ternary,25.550000000000001,0,1,-7.2145483450445321e-05
ternary,25.600000000000001,0,1,-0.00029042472249623207
ternary,25.650000000000002,0,1,-0.00050652302146617133
ternary,25.700000000000003,0,1,-0.00072014160660507887
ternary,25.75,0,1,-0.00093098686795605021
ternary,25.800000000000001,0,1,-0.0011387704195504457
ternary,25.850000000000001,0,1,-0.0013432091794619982
ternary,25.900000000000002,0,1,-0.0015440254734476078
ternary,25.950000000000003,0,1,-0.0017409471653523272
ternary,26,0,1,-0.001933707816876064
ternary,26.050000000000001,0,1,-0.0021220468786881837
ternary,26.100000000000001,0,1,-0.0023057099142408965
ternary,26.150000000000002,0,1,-0.0024844488569792339
ternary,26.200000000000003,0,1,-0.0026580223009810794
ternary,26.25,0,1,-0.002826195824393004
ternary,26.300000000000001,0,1,-0.0029887423443638334
ternary,26.350000000000001,0,1,-0.0031454425015260915
ternary,26.400000000000002,0,1,-0.003296085071444424
ternary,26.450000000000003,0,1,-0.0034404673998477582
ternary,26.5,0,1,-0.0035783958578975718
ternary,26.550000000000001,0,1,-0.003709686313227096
ternary,26.600000000000001,0,1,-0.0038341646120228991
ternary,26.650000000000002,0,1,-0.0039516670670213657
ternary,26.700000000000003,0,1,-0.0040620409459632785
ternary,26.75,0,1,-0.0041651449547988346
ternary,26.800000000000001,0,1,-0.0042608497097679724
ternary,26.850000000000001,0,1,-0.004349038192401576
ternary,26.900000000000002,0,1,-0.0044296061815016037
ternary,26.950000000000003,0,1,-0.0045024626562642838
ternary,27,0,1,-0.0045675301649100658
ternary,27.050000000000001,0,1,-0.0046247451534760552
ternary,27.100000000000001,0,1,-0.0046740582498070483
ternary,27.150000000000002,0,1,-0.00471543449824589
ternary,27.200000000000003,0,1,-0.0047488535410645048
ternary,27.25,0,1,-0.0047743097432861089
ternary,27.300000000000001,0,1,-0.0047918122582160712
ternary,27.350000000000001,0,1,-0.004801385031712335
ternary,27.400000000000002,0,1,-0.0048030667439739353
ternary,27.450000000000003,0,1,-0.004796910688394402
ternary,27.5,0,1,-0.0047829845878022258
ternary,27.550000000000001,0,1,-0.0047613703491789948
ternary,27.600000000000001,0,1,-0.004732163758693772
ternary,27.650000000000002,0,1,-0.0046954741196062388
ternary,27.700000000000003,0,1,-0.0046514238362592173
ternary,27.75,0,1,-0.0046001479479915288
ternary,27.800000000000001,0,1,-0.0045417936173453742
ternary,27.850000000000001,0,1,-0.0044765195774099133
ternary,27.900000000000002,0,1,-0.0044044955435278482
ternary,27.950000000000003,0,1,-0.0043259015948901016
ternary,28,0,1,-0.0042409275317517713
ternary,28.050000000000001,0,1,-0.0041497722141199817
ternary,28.100000000000001,0,1,-0.0040526428877913755
ternary,28.150000000000002,0,1,-0.0039497545035565972
ternary,28.200000000000003,0,1,-0.003841329035245364
ternary,28.25,0,1,-0.003727594802063962
ternary,28.300000000000001,0,1,-0.0036087858003840245
ternary,28.350000000000001,0,1,-0.0034851410497852798
ternary,28.400000000000002,0,1,-0.0033569039577430225
ternary,28.450000000000003,0,1,-0.0032243217068939367
ternary,28.5,0,1,-0.0030876446683191588
ternary,28.550000000000001,0,1,-0.00294712584376134
ternary,28.600000000000001,0,1,-0.0028030203391522903
ternary,28.650000000000002,0,1,-0.0026555848712772451
ternary,28.700000000000003,0,1,-0.0025050773088510798
ternary,28.75,0,1,-0.0023517562487370188
ternary,28.800000000000001,0,1,-0.0021958806275079366
ternary,28.850000000000001,0,1,-0.0020377093680404175
ternary,28.900000000000002,0,1,-0.001877501060347241
ternary,28.950000000000003,0,1,-0.0017155136754016848
ternary,29,0,1,-0.0015520043102888888
ternary,29.050000000000001,0,1,-0.0013872289626408868
ternary,29.100000000000001,0,1,-0.0012214423319747327
ternary,29.150000000000002,0,1,-0.0010548976452589647
ternary,29.200000000000003,0,1,-0.00088784650378571613
ternary,29.25,0,1,-0.00072053874822312111
ternary,29.300000000000001,0,1,-0.00055322233856745112
ternary,29.350000000000001,0,1,-0.00038614324560567786
ternary,29.400000000000002,0,1,-0.00021954535043758306
ternary,29.450000000000003,0,1,-5.3670348590850324e-05
ternary,29.5,0,1,0.00011124234470724328
ternary,29.550000000000001,0,1,0.00027495569146368499
ternary,29.600000000000001,0,1,0.00043723513330314804
ternary,29.650000000000002,0,1,0.0005978487023860109
ternary,29.700000000000003,0,1,0.00075656714374585006
ternary,29.75,0,1,0.00091316405169354978
ternary,29.800000000000001,0,1,0.0010674160226615112
ternary,29.850000000000001,0,1,0.0012191028265533901
ternary,29.900000000000002,0,1,0.0013680075983270757
ternary,29.950000000000003,0,1,0.0015139170511720501
ternary,30,0,1,0.0016566217122521516
ternary,0,0,2,-0.25216686618616013
ternary,0.050000000000000003,0,2,-0.25219478879763091
ternary,0.10000000000000001,0,2,-0.25227856984878921
ternary,0.15000000000000002,0,2,-0.25241825086290653
ternary,0.20000000000000001,0,2,-0.25261389985827032
ternary,0.25,0,2,-0.2528656112093503
ternary,0.30000000000000004,0,2,-0.25317350464669869
ternary,0.35000000000000003,0,2,-0.25353772393523766
ternary,0.40000000000000002,0,2,-0.25395843528481454
ternary,0.45000000000000001,0,2,-0.2544358254059601
ternary,0.5,0,2,-0.25497009919213603
ternary,0.55000000000000004,0,2,-0.25556147698912046
ternary,0.60000000000000009,0,2,-0.25621019141584539
ternary,0.65000000000000002,0,2,-0.25691648368579495
ternary,0.70000000000000007,0,2,-0.25768059937777521
ternary,0.75,0,2,-0.25850278359180995
ternary,0.80000000000000004,0,2,-0.25938327542077616
ternary,0.85000000000000009,0,2,-0.2603223016576785
ternary,0.90000000000000002,0,2,-0.26132006964785276
ternary,0.95000000000000007,0,2,-0.26237675918453179
ternary,1,0,2,-0.26349251333297197
ternary,1.05,0,2,-0.26466742805464866
ternary,1.1000000000000001,0,2,-0.2659015404873365
ternary,1.1500000000000001,0,2,-0.26719481572024129
ternary,1.2000000000000002,0,2,-0.26854713188432461
ternary,1.25,0,2,-0.26995826335797235
ternary,1.3,0,2,-0.27142786186573309
ternary,1.3500000000000001,0,2,-0.27295543522403892
ternary,1.4000000000000001,0,2,-0.2745403234618094
ternary,1.4500000000000002,0,2,-0.2761816720163926
ternary,1.5,0,2,-0.27787840167591582
ternary,1.55,0,2,-0.27962917490872546
ternary,1.6000000000000001,0,2,-0.28143235818903056
ternary,1.6500000000000001,0,2,-0.28328597989622079
ternary,1.7000000000000002,0,2,-0.28518768333421091
ternary,1.75,0,2,-0.28713467438795759
ternary,1.8,0,2,-0.28912366330852457
ternary,1.8500000000000001,0,2,-0.29115080009803995
ternary,1.9000000000000001,0,2,-0.29321160295427595
ternary,1.9500000000000002,0,2,-0.29530087923508669
ternary,2,0,2,-0.29741263842013682
ternary,2.0500000000000003,0,2,-0.29953999658693442
ternary,2.1000000000000001,0,2,-0.30167507198726962
ternary,2.1499999999999999,0,2,-0.30380887141745622
ternary,2.2000000000000002,0,2,-0.30593116723173092
ternary,2.25,0,2,-0.30803036506527209
ternary,2.3000000000000003,0,2,-0.31009336262616644
ternary,2.3500000000000001,0,2,-0.31210540030102341
ternary,2.4000000000000004,0,2,-0.31404990481564443
ternary,2.4500000000000002,0,2,-0.31590832782052308
ternary,2.5,0,2,-0.31765998205231305
ternary,2.5500000000000003,0,2,-0.3192818786774349
ternary,2.6000000000000001,0,2,-0.32074857057102468
ternary,2.6500000000000004,0,2,-0.32203200763625695
ternary,2.7000000000000002,0,2,-0.32310141182903807
ternary,2.75,0,2,-0.3239231813096059
ternary,2.8000000000000003,0,2,-0.32446083506242246
ternary,2.8500000000000001,0,2,-0.32467501134567311
ternary,2.9000000000000004,0,2,-0.32452353534913048
ternary,2.9500000000000002,0,2,-0.32396157330245123
ternary,3,0,2,-0.32294189177530436
ternary,3.0500000000000003,0,2,-0.32141524177194375
ternary,3.1000000000000001,0,2,-0.31933088710678903
ternary,3.1500000000000004,0,2,-0.31663729505878174
ternary,3.2000000000000002,0,2,-0.31328300401107217
ternary,3.25,0,2,-0.30921767726502619
ternary,3.3000000000000003,0,2,-0.30439334411644448
ternary,3.3500000000000001,0,2,-0.29876581838955241
ternary,3.4000000000000004,0,2,-0.29229627098298561
ternary,3.4500000000000002,0,2,-0.28495291699156117
ternary,3.5,0,2,-0.27671276048185384
ternary,3.5500000000000003,0,2,-0.2675633223842086
ternary,3.6000000000000001,0,2,-0.25750426108466012
ternary,3.6500000000000004,0,2,-0.24654878341095499
ternary,3.7000000000000002,0,2,-0.2347247382163811
ternary,3.75,0,2,-0.22207528788801859
ternary,3.8000000000000003,0,2,-0.20865906643140567
ternary,3.8500000000000001,0,2,-0.19454975683438366
ternary,3.9000000000000004,0,2,-0.17983505429597366
ternary,3.9500000000000002,0,2,-0.16461502316255
ternary,4,0,2,-0.14899990015328804
ternary,4.0499999999999998,0,2,-0.1331074398078532
ternary,4.1000000000000005,0,2,-0.11705993491007879
ternary,4.1500000000000004,0,2,-0.10098107036782358
ternary,4.2000000000000002,0,2,-0.084992780472981838
ternary,4.25,0,2,-0.069212275379111593
ternary,4.2999999999999998,0,2,-0.053749383906805219
ternary,4.3500000000000005,0,2,-0.038704329231861824
ternary,4.4000000000000004,0,2,-0.024166015803345053
ternary,4.4500000000000002,0,2,-0.010210864748574397
ternary,4.5,0,2,0.0030978043726415183
ternary,4.5499999999999998,0,2,0.015709881567341034
ternary,4.6000000000000005,0,2,0.027588126311552483
ternary,4.6500000000000004,0,2,0.038707458511131776
ternary,4.7000000000000002,0,2,0.049053967768226556
ternary,4.75,0,2,0.058623728455665228
ternary,4.8000000000000007,0,2,0.067421502192930194
ternary,4.8500000000000005,0,2,0.075459399152004725
ternary,4.9000000000000004,0,2,0.082755557050504788
ternary,4.9500000000000002,0,2,0.089332883308757327
ternary,5,0,2,0.095217892891345385
ternary,5.0500000000000007,0,2,0.10043966266934692
ternary,5.1000000000000005,0,2,0.10502891321719061
ternary,5.1500000000000004,0,2,0.10901722099377714
ternary,5.2000000000000002,0,2,0.11243635782860577
ternary,5.25,0,2,0.11531775037259619
ternary,5.3000000000000007,0,2,0.11769204943104643
ternary,5.3500000000000005,0,2,0.11958879759140845
ternary,5.4000000000000004,0,2,0.12103618301243291
ternary,5.4500000000000002,0,2,0.12206086739915584
ternary,5.5,0,2,0.12268787683146286
ternary,5.5500000000000007,0,2,0.12294054506379086
ternary,5.6000000000000005,0,2,0.12284050003014739
ternary,5.6500000000000004,0,2,0.12240768546746421
ternary,5.7000000000000002,0,2,0.12166041073662641
ternary,5.75,0,2,0.12061542302385443
ternary,5.8000000000000007,0,2,0.11928799711376571
ternary,5.8500000000000005,0,2,0.11769203882175436
ternary,5.9000000000000004,0,2,0.11584019894966822
ternary,5.9500000000000002,0,2,0.11374399528428991
ternary,6,0,2,0.11141394069637801
ternary,6.0500000000000007,0,2,0.10885967582502951
ternary,6.1000000000000005,0,2,0.10609010515522904
ternary,6.1500000000000004,0,2,0.1031135355234499
ternary,6.2000000000000002,0,2,0.099937816224906176
ternary,6.25,0,2,0.096570479954244809
ternary,6.3000000000000007,0,2,0.093018883796766927
ternary,6.3500000000000005,0,2,0.089290349407532485
ternary,6.4000000000000004,0,2,0.085392301379300095
ternary,6.4500000000000002,0,2,0.08133240261652766
ternary,6.5,0,2,0.077118685312330917
ternary,6.5500000000000007,0,2,0.072759675880929839
ternary,6.6000000000000005,0,2,0.06826451194438686
ternary,6.6500000000000004,0,2,0.063643049226379061
ternary,6.7000000000000002,0,2,0.058905955986620358
ternary,6.75,0,2,0.054064792458587189
ternary,6.8000000000000007,0,2,0.049132072652878049
ternary,6.8500000000000005,0,2,0.04412130588155156
ternary,6.9000000000000004,0,2,0.039047015466584678
ternary,6.9500000000000002,0,2,0.033924732336620647
ternary,7,0,2,0.028770961603803161
ternary,7.0500000000000007,0,2,0.023603120752930012
ternary,7.1000000000000005,0,2,0.018439448765407863
ternary,7.1500000000000004,0,2,0.013298886326740263
ternary,7.2000000000000002,0,2,0.0082009282029509925
ternary,7.25,0,2,0.0031654498810287065
ternary,7.3000000000000007,0,2,-0.0017874883969146963
ternary,7.3500000000000005,0,2,-0.0066378560729996646
ternary,7.4000000000000004,0,2,-0.011365880143359054
ternary,7.4500000000000002,0,2,-0.015952280659163407
ternary,7.5,0,2,-0.020378507514400779
ternary,7.5500000000000007,0,2,-0.024626971887734266
ternary,7.6000000000000005,0,2,-0.02868126570610937
ternary,7.6500000000000004,0,2,-0.032526362799484843
ternary,7.7000000000000002,0,2,-0.036148796011288176
ternary,7.75,0,2,-0.039536805389434375
ternary,7.8000000000000007,0,2,-0.042680453660680219
ternary,7.8500000000000005,0,2,-0.04557170642447067
ternary,7.9000000000000004,0,2,-0.048204475819312954
ternary,7.9500000000000002,0,2,-0.050574627739524841
ternary,8,0,2,-0.05267995394002447
ternary,8.0500000000000007,0,2,-0.054520111497016174
ternary,8.0999999999999996,0,2,-0.056096533041201505
ternary,8.1500000000000004,0,2,-0.057412311911560134
ternary,8.2000000000000011,0,2,-0.05847206687299536
ternary,8.25,0,2,-0.059281791298183034
ternary,8.3000000000000007,0,2,-0.059848691745711266
ternary,8.3499999999999996,0,2,-0.060181020698072366
ternary,8.4000000000000004,0,2,-0.060287907887919281
ternary,8.4500000000000011,0,2,-0.060179194177845396
ternary,8.5,0,2,-0.059865271407929209
ternary,8.5500000000000007,0,2,-0.059356931025083562
ternary,8.5999999999999996,0,2,-0.058665223693773735
ternary,8.6500000000000004,0,2,-0.057801331488484965
ternary,8.7000000000000011,0,2,-0.05677645370780194
ternary,8.75,0,2,-0.055601706845058031
ternary,8.8000000000000007,0,2,-0.054288038812050243
ternary,8.8499999999999996,0,2,-0.052846157145645216
ternary,8.9000000000000004,0,2,-0.051286470632977955
ternary,8.9500000000000011,0,2,-0.049619043566514642
ternary,9,0,2,-0.047853561680011474
ternary,9.0500000000000007,0,2,-0.045999308713137815
ternary,9.0999999999999996,0,2,-0.044065152498072663
ternary,9.1500000000000004,0,2,-0.042059539447259639
ternary,9.2000000000000011,0,2,-0.039990496339459371
ternary,9.25,0,2,-0.0378656383435335
ternary,9.3000000000000007,0,2,-0.035692182279108975
ternary,9.3499999999999996,0,2,-0.033476964184365549
ternary,9.4000000000000004,0,2,-0.031226460338580824
ternary,9.4500000000000011,0,2,-0.028946810966627327
ternary,9.5,0,2,-0.026643845931061592
ternary,9.5500000000000007,0,2,-0.024323111792322862
ternary,9.6000000000000014,0,2,-0.021989899687094479
ternary,9.6500000000000004,0,2,-0.01964927353789938
ternary,9.7000000000000011,0,2,-0.017306098162846516
ternary,9.75,0,2,-0.014965066902862105
ternary,9.8000000000000007,0,2,-0.012630728424812054
ternary,9.8500000000000014,0,2,-0.010307512393022994
ternary,9.9000000000000004,0,2,-0.0079997537293986214
ternary,9.9500000000000011,0,2,-0.0057117152043710392
ternary,10,0,2,-0.0034476081182064069
ternary,10.050000000000001,0,2,-0.0012116108456943972
ternary,10.100000000000001,0,2,0.00099211497190620059
ternary,10.15,0,2,0.0031594107944783647
ternary,10.200000000000001,0,2,0.005286110308017425
ternary,10.25,0,2,0.0073680314948317352
ternary,10.300000000000001,0,2,0.0094009718247430422
ternary,10.350000000000001,0,2,0.011380706727551393
ternary,10.4,0,2,0.013302991486964226
ternary,10.450000000000001,0,2,0.015163566670474067
ternary,10.5,0,2,0.016958167177374139
ternary,10.550000000000001,0,2,0.01868253494749534
ternary,10.600000000000001,0,2,0.02033243532583753
ternary,10.65,0,2,0.021903677022909317
ternary,10.700000000000001,0,2,0.023392135547487019
ternary,10.75,0,2,0.024793779918319474
ternary,10.800000000000001,0,2,0.026104702385173782
ternary,10.850000000000001,0,2,0.027321150809173248
ternary,10.9,0,2,0.028439563269782576
ternary,10.950000000000001,0,2,0.029456604383673222
ternary,11,0,2,0.030369202742119308
ternary,11.050000000000001,0,2,0.031174588801917771
ternary,11.100000000000001,0,2,0.031870332503668053
ternary,11.15,0,2,0.032454379844198931
ternary,11.200000000000001,0,2,0.032925087600408465
ternary,11.25,0,2,0.033281255392829195
ternary,11.300000000000001,0,2,0.033522154291264157
ternary,11.350000000000001,0,2,0.033647551203456388
ternary,11.4,0,2,0.033657728351555165
ternary,11.450000000000001,0,2,0.033553497229582271
ternary,11.5,0,2,0.03333620654643344
ternary,11.550000000000001,0,2,0.033007743790223081
ternary,11.600000000000001,0,2,0.032570530196922937
ternary,11.65,0,2,0.032027509064235918
ternary,11.700000000000001,0,2,0.031382127514750897
ternary,11.75,0,2,0.030638311974494122
ternary,11.800000000000001,0,2,0.02980043778779878
ternary,11.850000000000001,0,2,0.028873293531007187
ternary,11.9,0,2,0.027862040710546428
ternary,11.950000000000001,0,2,0.026772169630938109
ternary,12,0,2,0.025609452292010691
ternary,12.050000000000001,0,2,0.024379893219961191
ternary,12.100000000000001,0,2,0.023089679153313562
ternary,12.15,0,2,0.021745128492921845
ternary,12.200000000000001,0,2,0.020352641386880341
ternary,12.25,0,2,0.018918651259496457
ternary,12.300000000000001,0,2,0.017449578512131921
ternary,12.350000000000001,0,2,0.01595178702707839
ternary,12.4,0,2,0.014431543998321266
ternary,12.450000000000001,0,2,0.012894983499723013
ternary,12.5,0,2,0.011348074086259567
ternary,12.550000000000001,0,2,0.0097965906114987917
ternary,12.600000000000001,0,2,0.0082460903380015913
ternary,12.65,0,2,0.0067018933195642418
ternary,12.700000000000001,0,2,0.0051690669473367801
ternary,12.75,0,2,0.0036524144772609353
ternary,12.800000000000001,0,2,0.0021564672947291916
ternary,12.850000000000001,0,2,0.00068548062404231178
ternary,12.9,0,2,-0.0007565676452249867
ternary,12.950000000000001,0,2,-0.0021659753661977237
ternary,13,0,2,-0.003539312140585441
ternary,13.050000000000001,0,2,-0.0048734132886140164
ternary,13.100000000000001,0,2,-0.0061653721433361655
ternary,13.15,0,2,-0.0074125310169228728
ternary,13.200000000000001,0,2,-0.008612471168280034
ternary,13.25,0,2,-0.0097630020788850302
ternary,13.300000000000001,0,2,-0.010862150318309881
ternary,13.350000000000001,0,2,-0.011908148253560144
ternary,13.4,0,2,-0.012899422828040972
ternary,13.450000000000001,0,2,-0.013834584607422566
ternary,13.5,0,2,-0.014712417261530598
ternary,13.550000000000001,0,2,-0.015531867624106023
ternary,13.600000000000001,0,2,-0.016292036446195757
ternary,13.65,0,2,-0.016992169934288488
ternary,13.700000000000001,0,2,-0.017631652141220106
ternary,13.75,0,2,-0.018209998256402678
ternary,13.800000000000001,0,2,-0.018726848822070482
ternary,13.850000000000001,0,2,-0.019181964883934578
ternary,13.9,0,2,-0.019575224067818087
ternary,13.950000000000001,0,2,-0.019906617558409046
ternary,14,0,2,-0.020176247942118732
ternary,14.050000000000001,0,2,-0.020384327863077388
ternary,14.100000000000001,0,2,-0.020531179429453119
ternary,14.15,0,2,-0.020617234296487336
ternary,14.200000000000001,0,2,-0.020643034342861088
ternary,14.25,0,2,-0.020609232848235771
ternary,14.300000000000001,0,2,-0.020516596072066018
ternary,14.350000000000001,0,2,-0.02036600512711265
ternary,14.4,0,2,-0.020158458035561714
ternary,14.450000000000001,0,2,-0.019895071851379596
ternary,14.5,0,2,-0.019577084729620445
ternary,14.550000000000001,0,2,-0.019205857821974915
ternary,14.600000000000001,0,2,-0.018782876878043617
ternary,14.65,0,2,-0.018309753433759283
ternary,14.700000000000001,0,2,-0.017788225472186024
ternary,14.75,0,2,-0.01722015744768365
ternary,14.800000000000001,0,2,-0.016607539572200423
ternary,14.850000000000001,0,2,-0.015952486272272151
ternary,14.9,0,2,-0.015257233737125567
ternary,14.950000000000001,0,2,-0.014524136492031301
ternary,15,0,2,-0.013755662946576507
ternary,15.050000000000001,0,2,-0.01295438988462385
ternary,15.100000000000001,0,2,-0.012122995881121066
ternary,15.15,0,2,-0.011264253650289975
ternary,15.200000000000001,0,2,-0.010381021349672772
ternary,15.25,0,2,-0.0094762328846144262
ternary,15.300000000000001,0,2,-0.0085528872775480977
ternary,15.350000000000001,0,2,-0.0076140371854483673
ternary,15.4,0,2,-0.0066627766665328918
ternary,15.450000000000001,0,2,-0.0057022283132655066
ternary,15.5,0,2,-0.0047355298825012253
ternary,15.550000000000001,0,2,-0.0037658205648328667
ternary,15.600000000000001,0,2,-0.002796227043533544
ternary,15.65,0,2,-0.0018298494986947738
ternary,15.700000000000001,0,2,-0.00086974771409502327
ternary,15.75,0,2,8.1072557057681652e-05
ternary,15.800000000000001,0,2,0.0010196728160335061
ternary,15.850000000000001,0,2,0.0019431944884570332
ternary,15.9,0,2,0.0028488709071560732
ternary,15.950000000000001,0,2,0.0037340384882379681
ternary,16,0,2,0.0045961469960740364
ternary,16.050000000000001,0,2,0.0054327688100300302
ternary,16.100000000000001,0,2,0.0062416071241806013
ternary,16.150000000000002,0,2,0.0070205030303971431
ternary,16.199999999999999,0,2,0.0077674414545910618
ternary,16.25,0,2,0.0084805559350532179
ternary,16.300000000000001,0,2,0.0091581322502987603
ternary,16.350000000000001,0,2,0.0097986109212044661
ternary,16.400000000000002,0,2,0.010400588628161371
ternary,16.449999999999999,0,2,0.010962818598177217
ternary,16.5,0,2,0.011484210029133798
ternary,16.550000000000001,0,2,0.011963826628584666
ternary,16.600000000000001,0,2,0.012400884352494033
ternary,16.650000000000002,0,2,0.01279474843514484
ternary,16.699999999999999,0,2,0.013144929805131361
ternary,16.75,0,2,0.013451080983986802
ternary,16.800000000000001,0,2,0.013712991563712633
ternary,16.850000000000001,0,2,0.013930583357442459
ternary,16.900000000000002,0,2,0.014103905313875183
ternary,16.949999999999999,0,2,0.014233128281157803
ternary,17,0,2,0.014318539699798715
ternary,17.050000000000001,0,2,0.014360538297159858
ternary,17.100000000000001,0,2,0.014359628848318391
ternary,17.150000000000002,0,2,0.014316417059801875
ternary,17.199999999999999,0,2,0.014231604624068025
ternary,17.25,0,2,0.014105984483787193
ternary,17.300000000000001,0,2,0.013940436336142321
ternary,17.350000000000001,0,2,0.013735922398616986
ternary,17.400000000000002,0,2,0.013493483449210779
ternary,17.449999999999999,0,2,0.013214235145799749
ternary,17.5,0,2,0.012899364621528478
ternary,17.550000000000001,0,2,0.012550127345749243
ternary,17.600000000000001,0,2,0.012167844233169061
ternary,17.650000000000002,0,2,0.011753898977577502
ternary,17.699999999999999,0,2,0.011309735580848036
ternary,17.75,0,2,0.010836856042871594
ternary,17.800000000000001,0,2,0.010336818173728337
ternary,17.850000000000001,0,2,0.0098112334857623079
ternary,17.900000000000002,0,2,0.0092617651203312987
ternary,17.949999999999999,0,2,0.0086901257618866024
ternary,18,0,2,0.0080980754907301819
ternary,18.050000000000001,0,2,0.0074874195253299605
ternary,18.100000000000001,0,2,0.0068600058054731844
ternary,18.150000000000002,0,2,0.006217722368833529
ternary,18.199999999999999,0,2,0.0055624944757340002
ternary,18.25,0,2,0.0048962814400209474
ternary,18.300000000000001,0,2,0.0042210731280247415
ternary,18.350000000000001,0,2,0.0035388860925574693
ternary,18.400000000000002,0,2,0.002851759314765031
ternary,18.449999999999999,0,2,0.0021617495333596136
ternary,18.5,0,2,0.001470926148247809
ternary,18.550000000000001,0,2,0.00078136569375141754
ternary,18.600000000000001,0,2,9.5145885377082316e-05
ternary,18.650000000000002,0,2,-0.00058566074669945184
ternary,18.699999999999999,0,2,-0.0012589936147740532
ternary,18.75,0,2,-0.0019228111891137871
ternary,18.800000000000001,0,2,-0.0025750984300317806
ternary,18.850000000000001,0,2,-0.0032138744855370075
ternary,18.900000000000002,0,2,-0.0038372005948623614
ternary,18.949999999999999,0,2,-0.0044431881302253303
ternary,19,0,2,-0.0050300067021937208
ternary,19.050000000000001,0,2,-0.0055958922482234139
ternary,19.100000000000001,0,2,-0.0061391550195013982
ternary,19.150000000000002,0,2,-0.006658187378322647
ternary,19.200000000000003,0,2,-0.007151471316992195
ternary,19.25,0,2,-0.0076175856097590589
ternary,19.300000000000001,0,2,-0.0080552125116038608
ternary,19.350000000000001,0,2,-0.0084631439218105908
ternary,19.400000000000002,0,2,-0.0088402869361036435
ternary,19.450000000000003,0,2,-0.0091856687186105991
ternary,19.5,0,2,-0.009498440633871166
ternary,19.550000000000001,0,2,-0.0097778815893472936
ternary,19.600000000000001,0,2,-0.010023400550163026
ternary,19.650000000000002,0,2,-0.010234538199844294
ternary,19.700000000000003,0,2,-0.010410967733347008
ternary,19.75,0,2,-0.010552494781353504
ternary,19.800000000000001,0,2,-0.010659056477376918
ternary,19.850000000000001,0,2,-0.010730719691344847
ternary,19.900000000000002,0,2,-0.010767678464759789
ternary,19.950000000000003,0,2,-0.010770250693003356
ternary,20,0,2,-0.010738874109649616
ternary,20.050000000000001,0,2,-0.010674101635604101
ternary,20.100000000000001,0,2,-0.010576596162359024
ternary,20.150000000000002,0,2,-0.010447124843567985
ternary,20.200000000000003,0,2,-0.010286552972457664
ternary,20.25,0,2,-0.010095837524317997
ternary,20.300000000000001,0,2,-0.0098760204434952589
ternary,20.350000000000001,0,2,-0.0096282217530430335
ternary,20.400000000000002,0,2,-0.0093536325625808072
ternary,20.450000000000003,0,2,-0.0090535080461174207
ternary,20.5,0,2,-0.0087291604567762329
ternary,20.550000000000001,0,2,-0.0083819522396907115
ternary,20.600000000000001,0,2,-0.0080132892980028115
ternary,20.650000000000002,0,2,-0.0076246144600750953
ternary,20.700000000000003,0,2,-0.0072174011888987257
ternary,20.75,0,2,-0.0067931475674093758
ternary,20.800000000000001,0,2,-0.0063533705861676167
ternary,20.850000000000001,0,2,-0.0058996007527564445
ternary,20.900000000000002,0,2,-0.0054333770354178332
ternary,20.950000000000003,0,2,-0.0049562421469947215
ternary,21,0,2,-0.004469738169248322
ternary,21.050000000000001,0,2,-0.0039754025121465364
ternary,21.100000000000001,0,2,-0.0034747641978181078
ternary,21.150000000000002,0,2,-0.0029693404545672519
ternary,21.200000000000003,0,2,-0.0024606336026647764
ternary,21.25,0,2,-0.0019501282105783765
ternary,21.300000000000001,0,2,-0.0014392884978685102
ternary,21.350000000000001,0,2,-0.00092955595914833323
ternary,21.400000000000002,0,2,-0.00042234718225626152
ternary,21.450000000000003,0,2,8.0948166898194116e-05
ternary,21.5,0,2,0.00057896922052105002
ternary,21.550000000000001,0,2,0.0010703856735306675
ternary,21.600000000000001,0,2,0.0015538994631547091
ternary,21.650000000000002,0,2,0.0020282463889111629
ternary,21.700000000000003,0,2,0.0024921976967587339
ternary,21.75,0,2,0.0029445616492573185
ternary,21.800000000000001,0,2,0.0033841851013151018
ternary,21.850000000000001,0,2,0.0038099550985566102
ternary,21.900000000000002,0,2,0.0042208005125583944
ternary,21.950000000000003,0,2,0.0046156937242019412
ternary,22,0,2,0.0049936523632253624
ternary,22.050000000000001,0,2,0.0053537411087515299
ternary,22.100000000000001,0,2,0.0056950735521725544
ternary,22.150000000000002,0,2,0.0060168141203183409
ternary,22.200000000000003,0,2,0.0063181800533744625
ternary,22.25,0,2,0.0065984434285866617
ternary,22.300000000000001,0,2,0.0068569332174453074
ternary,22.350000000000001,0,2,0.0070930373608307697
ternary,22.400000000000002,0,2,0.0073062048435735324
ternary,22.450000000000003,0,2,0.0074959477470923673
ternary,22.5,0,2,0.0076618432562729375
ternary,22.550000000000001,0,2,0.007803535594591746
ternary,22.600000000000001,0,2,0.0079207378597235308
ternary,22.650000000000002,0,2,0.0080132337305457053
ternary,22.700000000000003,0,2,0.008080879015609093
ternary,22.75,0,2,0.0081236030128205051
ternary,22.800000000000001,0,2,0.0081414096503062174
ternary,22.850000000000001,0,2,0.0081343783792162845
ternary,22.900000000000002,0,2,0.0081026647905980582
ternary,22.950000000000003,0,2,0.0080465009304094646
ternary,23,0,2,0.0079661952892453227
ternary,23.050000000000001,0,2,0.0078621324463843331
ternary,23.100000000000001,0,2,0.0077347723512899164
ternary,23.150000000000002,0,2,0.0075846492296608604
ternary,23.200000000000003,0,2,0.0074123701054616201
ternary,23.25,0,2,0.0072186129349899337
ternary,23.300000000000001,0,2,0.0070041243538745464
ternary,23.350000000000001,0,2,0.0067697170428446746
ternary,23.400000000000002,0,2,0.0065162667230750579
ternary,23.450000000000003,0,2,0.0062447087967862878
ternary,23.5,0,2,0.0059560346534665212
ternary,23.550000000000001,0,2,0.0056512876664805423
ternary,23.600000000000001,0,2,0.0053315589088535576
ternary,23.650000000000002,0,2,0.0049979826205757477
ternary,23.700000000000003,0,2,0.0046517314627984195
ternary,23.75,0,2,0.0042940115967241514
ternary,23.800000000000001,0,2,0.0039260576267862793
ternary,23.850000000000001,0,2,0.003549127448842304
ternary,23.900000000000002,0,2,0.003164497044554169
ternary,23.950000000000003,0,2,0.002773455262907665
ternary,24,0,2,0.0023772986289473642
ternary,24.050000000000001,0,2,0.0019773262183128289
ternary,24.100000000000001,0,2,0.0015748346341047097
ternary,24.150000000000002,0,2,0.0011711131200445655
ternary,24.200000000000003,0,2,0.00076743884089397506
ternary,24.25,0,2,0.00036507235774059
ternary,24.300000000000001,0,2,-3.4746677873076406e-05
ternary,24.350000000000001,0,2,-0.00043080359082641178
ternary,24.400000000000002,0,2,-0.00082191249408127801
ternary,24.450000000000003,0,2,-0.0012069198328592467
ternary,24.5,0,2,-0.0015847076529689342
ternary,24.550000000000001,0,2,-0.0019541965886933602
ternary,24.600000000000001,0,2,-0.002314348569232533
ternary,24.650000000000002,0,2,-0.002664169246037081
ternary,24.700000000000003,0,2,-0.0030027101464158174
ternary,24.75,0,2,-0.0033290705615163416
ternary,24.800000000000001,0,2,-0.0036423991791371536
ternary,24.850000000000001,0,2,-0.0039418954738090388
ternary,24.900000000000002,0,2,-0.0042268108681795336
ternary,24.950000000000003,0,2,-0.0044964496809378361
ternary,25,0,2,-0.0047501698773415252
ternary,25.050000000000001,0,2,-0.0049873836388593541
ternary,25.100000000000001,0,2,-0.0052075577685450685
ternary,25.150000000000002,0,2,-0.0054102139485318092
ternary,25.200000000000003,0,2,-0.0055949288655074338
ternary,25.25,0,2,-0.005761334219233436
ternary,25.300000000000001,0,2,-0.0059091166281321685
ternary,25.350000000000001,0,2,-0.0060380174447257195
ternary,25.400000000000002,0,2,-0.0061478324922981361
ternary,25.450000000000003,0,2,-0.0062384117326063542
ternary,25.5,0,2,-0.0063096588728193542
ternary,25.550000000000001,0,2,-0.0063615309181536041
ternary,25.600000000000001,0,2,-0.0063940376749295983
ternary,25.650000000000002,0,2,-0.0064072412070316298
ternary,25.700000000000003,0,2,-0.0064012552470416985
ternary,25.75,0,2,-0.0063762445616684128
ternary,25.800000000000001,0,2,-0.0063324242695308426
ternary,25.850000000000001,0,2,-0.0062700591079116021
ternary,25.900000000000002,0,2,-0.0061894626437871431
ternary,25.950000000000003,0,2,-0.0060909964232988972
ternary,26,0,2,-0.0059750690528660539
ternary,26.050000000000001,0,2,-0.0058421352043771177
ternary,26.100000000000001,0,2,-0.0056926945363485167
ternary,26.150000000000002,0,2,-0.0055272905226150205
ternary,26.200000000000003,0,2,-0.0053465091800297803
ternary,26.25,0,2,-0.0051509776868052188
ternary,26.300000000000001,0,2,-0.0049413628835226651
ternary,26.350000000000001,0,2,-0.0047183696494778535
ternary,26.400000000000002,0,2,-0.0044827391479028275
ternary,26.450000000000003,0,2,-0.0042352469347062688
ternary,26.5,0,2,-0.0039767009266860279
ternary,26.550000000000001,0,2,-0.0037079392266741373
ternary,26.600000000000001,0,2,-0.0034298278047514598
ternary,26.650000000000002,0,2,-0.0031432580364905466
ternary,26.700000000000003,0,2,-0.0028491441011210717
ternary,26.75,0,2,-0.0025484202445277587
ternary,26.800000000000001,0,2,-0.0022420379140512901
ternary,26.850000000000001,0,2,-0.0019309627741272892
ternary,26.900000000000002,0,2,-0.0016161716138300166
ternary,26.950000000000003,0,2,-0.0012986491593420199
ternary,27,0,2,-0.00097938480621230614
ternary,27.050000000000001,0,2,-0.00065936928795044087
ternary,27.100000000000001,0,2,-0.00033959129899958972
ternary,27.150000000000002,0,2,-2.103409140152425e-05
ternary,27.200000000000003,0,2,0.00029532793451695488
ternary,27.25,0,2,0.00060853262436756032
ternary,27.300000000000001,0,2,0.00091763342732592513
ternary,27.350000000000001,0,2,0.0012217026955169893
ternary,27.400000000000002,0,2,0.0015198349037053042
ternary,27.450000000000003,0,2,0.0018111497683319731
ternary,27.5,0,2,0.0020947952457475725
ternary,27.550000000000001,0,2,0.0023699503905893881
ternary,27.600000000000001,0,2,0.0026358280566212483
ternary,27.650000000000002,0,2,0.0028916774239730264
ternary,27.700000000000003,0,2,0.0031367863385453514
ternary,27.75,0,2,0.0033704834513560537
ternary,27.800000000000001,0,2,0.0035921401477515694
ternary,27.850000000000001,0,2,0.0038011722586533164
ternary,27.900000000000002,0,2,0.0039970415483101974
ternary,27.950000000000003,0,2,0.0041792569753422706
ternary,28,0,2,0.0043473757261463268
ternary,28.050000000000001,0,2,0.0045010040219499682
ternary,28.100000000000001,0,2,0.0046397977029126476
ternary,28.150000000000002,0,2,0.0047634625946433437
ternary,28.200000000000003,0,2,0.0048717546643092706
ternary,28.25,0,2,0.0049644799751204548
ternary,28.300000000000001,0,2,0.0050414944493747194
ternary,28.350000000000001,0,2,0.0051027034514196786
ternary,28.400000000000002,0,2,0.00514806120282535
ternary,28.450000000000003,0,2,0.0051775700427579797
ternary,28.5,0,2,0.0051912795470036282
ternary,28.550000000000001,0,2,0.0051892855193148065
ternary,28.600000000000001,0,2,0.0051717288687534767
ternary,28.650000000000002,0,2,0.0051387943864932301
ternary,28.700000000000003,0,2,0.0050907094351377484
ternary,28.75,0,2,0.0050277425630310532
ternary,28.800000000000001,0,2,0.0049502020552979822
ternary,28.850000000000001,0,2,0.0048584344324837745
ternary,28.900000000000002,0,2,0.0047528229066813891
ternary,28.950000000000003,0,2,0.0046337858039703066
ternary,29,0,2,0.0045017749608620384
ternary,29.050000000000001,0,2,0.004357274101281762
ternary,29.100000000000001,0,2,0.0042007971994329285
ternary,29.150000000000002,0,2,0.0040328868327157204
ternary,29.200000000000003,0,2,0.0038541125277212307
ternary,29.25,0,2,0.0036650691012202153
ternary,29.300000000000001,0,2,0.0034663749970272732
ternary,29.350000000000001,0,2,0.0032586706186630734
ternary,29.400000000000002,0,2,0.0030426166568754457
ternary,29.450000000000003,0,2,0.0028188924103254645
ternary,29.5,0,2,0.0025881940971109207
ternary,29.550000000000001,0,2,0.0023512331542930951
ternary,29.600000000000001,0,2,0.0021087345222238932
ternary,29.650000000000002,0,2,0.0018614349102425787
ternary,29.700000000000003,0,2,0.0016100810402292956
ternary,29.75,0,2,0.0013554278645684669
ternary,29.800000000000001,0,2,0.0010982367552861512
ternary,29.850000000000001,0,2,0.00083927366148396783
ternary,29.900000000000002,0,2,0.00057930723268706822
ternary,29.950000000000003,0,2,0.00031910690635591685
ternary,30,0,2,5.9440958565815597e-05
ternary,0,1,1,0.89041199628741008
ternary,0.050000000000000003,1,1,0.89037285845446068
ternary,0.10000000000000001,1,1,0.89025542817129866
ternary,0.15000000000000002,1,1,0.89005965434798118
ternary,0.20000000000000001,1,1,0.88978545223047023
ternary,0.25,1,1,0.88943270290499932
ternary,0.30000000000000004,1,1,0.88900125348718229
ternary,0.35000000000000003,1,1,0.88849091700866056
ternary,0.40000000000000002,1,1,0.88790147242671813
ternary,0.45000000000000001,1,1,0.88723266463621586
ternary,0.5,1,1,0.88648420453920929
ternary,0.55000000000000004,1,1,0.88565576918602162
ternary,0.60000000000000009,1,1,0.88474700201628498
ternary,0.65000000000000002,1,1,0.88375751322950591
ternary,0.70000000000000007,1,1,0.8826868803214124
ternary,0.75,1,1,0.88153464882710997
ternary,0.80000000000000004,1,1,0.88030033331896285
ternary,0.85000000000000009,1,1,0.87898341871414509
ternary,0.90000000000000002,1,1,0.87758336195384612
ternary,0.95000000000000007,1,1,0.87609959412690985
ternary,1,1,1,0.87453152311906013
ternary,1.05,1,1,0.87287853688192563
ternary,1.1000000000000001,1,1,0.87114000742790165
ternary,1.1500000000000001,1,1,0.86931529567231314
ternary,1.2000000000000002,1,1,0.86740375726055352
ternary,1.25,1,1,0.86540474953653401
ternary,1.3,1,1,0.86331763982933729
ternary,1.3500000000000001,1,1,0.86114181525881617
ternary,1.4000000000000001,1,1,0.85887669428626079
ternary,1.4500000000000002,1,1,0.85652174026565975
ternary,1.5,1,1,0.85407647728272895
ternary,1.55,1,1,0.85154050860428077
ternary,1.6000000000000001,1,1,0.84891353809896053
ternary,1.6500000000000001,1,1,0.8461953950322415
ternary,1.7000000000000002,1,1,0.84338606268353655
ternary,1.75,1,1,0.84048571128119021
ternary,1.8,1,1,0.83749473580125133
ternary,1.8500000000000001,1,1,0.83441379922743775
ternary,1.9000000000000001,1,1,0.83124388192141652
ternary,1.9500000000000002,1,1,0.82798633780231135
ternary,2,1,1,0.82464295807984478
ternary,2.0500000000000003,1,1,0.82121604332315956
ternary,2.1000000000000001,1,1,0.81770848467254764
ternary,2.1499999999999999,1,1,0.81412385500807927
ternary,2.2000000000000002,1,1,0.81046651086991628
ternary,2.25,1,1,0.80674170587024996
ternary,2.3000000000000003,1,1,0.80295571623450257
ternary,2.3500000000000001,1,1,0.79911597894522868
ternary,2.4000000000000004,1,1,0.79523124271869738
ternary,2.4500000000000002,1,1,0.79131173170119695
ternary,2.5,1,1,0.78736932130645643
ternary,2.5500000000000003,1,1,0.78341772500155238
ternary,2.6000000000000001,1,1,0.77947269005884667
ternary,2.6500000000000004,1,1,0.77555219929849362
ternary,2.7000000000000002,1,1,0.77167667462471212
ternary,2.75,1,1,0.76786917669029164
ternary,2.8000000000000003,1,1,0.76415559329969085
ternary,2.8500000000000001,1,1,0.76056480719150532
ternary,2.9000000000000004,1,1,0.75712883166235168
ternary,2.9500000000000002,1,1,0.75388290017917736
ternary,3,1,1,0.75086549379634826
ternary,3.0500000000000003,1,1,0.74811828802723579
ternary,3.1000000000000001,1,1,0.74568599906529431
ternary,3.1500000000000004,1,1,0.7436161082274314
ternary,3.2000000000000002,1,1,0.74195844359207852
ternary,3.25,1,1,0.74076459946663553
ternary,3.3000000000000003,1,1,0.74008717800125756
ternary,3.3500000000000001,1,1,0.73997884338584408
ternary,3.4000000000000004,1,1,0.74049118792283031
ternary,3.4500000000000002,1,1,0.74167342094043143
ternary,3.5,1,1,0.74357090575383455
ternary,3.5500000000000003,1,1,0.74622358602538996
ternary,3.6000000000000001,1,1,0.74966435976050283
ternary,3.6500000000000004,1,1,0.75391747515940577
ternary,3.7000000000000002,1,1,0.75899703559380471
ternary,3.75,1,1,0.76490570888157361
ternary,3.8000000000000003,1,1,0.77163373672271041
ternary,3.8500000000000001,1,1,0.77915833209617846
ternary,3.9000000000000004,1,1,0.78744353498287623
ternary,3.9500000000000002,1,1,0.79644057058297979
ternary,4,1,1,0.8060887211898512
ternary,4.0499999999999998,1,1,0.8163166862361606
ternary,4.1000000000000005,1,1,0.82704436872994003
ternary,4.1500000000000004,1,1,0.83818499455591644
ternary,4.2000000000000002,1,1,0.84964744766202105
ternary,4.25,1,1,0.86133869160717391
ternary,4.2999999999999998,1,1,0.87316614740748411
ternary,4.3500000000000005,1,1,0.88503990852023018
ternary,4.4000000000000004,1,1,0.89687469411820242
ternary,4.4500000000000002,1,1,0.9085914684776587
ternary,4.5,1,1,0.92011868383249662
ternary,4.5499999999999998,1,1,0.93139313306960958
ternary,4.6000000000000005,1,1,0.9423604243861049
ternary,4.6500000000000004,1,1,0.95297511060445761
ternary,4.7000000000000002,1,1,0.96320052031061509
ternary,4.75,1,1,0.97300834627751653
ternary,4.8000000000000007,1,1,0.98237804937149487
ternary,4.8500000000000005,1,1,0.99129613434951891
ternary,4.9000000000000004,1,1,0.99975534886990813
ternary,4.9500000000000002,1,1,1.0077538498815826
ternary,5,1,1,1.0152943734097182
ternary,5.0500000000000007,1,1,1.0223834354850105
ternary,5.1000000000000005,1,1,1.0290305841951546
ternary,5.1500000000000004,1,1,1.0352477159680693
ternary,5.2000000000000002,1,1,1.0410484634307149
ternary,5.25,1,1,1.0464476575797965
ternary,5.3000000000000007,1,1,1.0514608635011999
ternary,5.3500000000000005,1,1,1.0561039863687609
ternary,5.4000000000000004,1,1,1.0603929427918244
ternary,5.4500000000000002,1,1,1.0643433916071541
ternary,5.5,1,1,1.0679705177723724
ternary,5.5500000000000007,1,1,1.0712888629788517
ternary,5.6000000000000005,1,1,1.07431219684554
ternary,5.6500000000000004,1,1,1.0770534229863893
ternary,5.7000000000000002,1,1,1.0795245147879837
ternary,5.75,1,1,1.0817364763335824
ternary,5.8000000000000007,1,1,1.0836993245234672
ternary,5.8500000000000005,1,1,1.0854220890396726
ternary,5.9000000000000004,1,1,1.0869128273661599
ternary,5.9500000000000002,1,1,1.0881786525906536
ternary,6,1,1,1.0892257721742726
ternary,6.0500000000000007,1,1,1.0900595362759766
ternary,6.1000000000000005,1,1,1.0906844945591367
ternary,6.1500000000000004,1,1,1.0911044606870635
ternary,6.2000000000000002,1,1,1.0913225839335525
ternary,6.25,1,1,1.0913414274941824
ternary,6.3000000000000007,1,1,1.09116305318502
ternary,6.3500000000000005,1,1,1.0907891122582889
ternary,6.4000000000000004,1,1,1.0902209420503717
ternary,6.4500000000000002,1,1,1.0894596681074804
ternary,6.5,1,1,1.0885063113104416
ternary,6.5500000000000007,1,1,1.0873618993454168
ternary,6.6000000000000005,1,1,1.0860275816468847
ternary,6.6500000000000004,1,1,1.0845047466797257
ternary,6.7000000000000002,1,1,1.0827951401384222
ternary,6.75,1,1,1.0809009823356952
ternary,6.8000000000000007,1,1,1.0788250827460035
ternary,6.8500000000000005,1,1,1.0765709493798539
ternary,6.9000000000000004,1,1,1.0741428904140871
ternary,6.9500000000000002,1,1,1.0715461053141542
ternary,7,1,1,1.0687867625803982
ternary,7.0500000000000007,1,1,1.0658720612539669
ternary,7.1000000000000005,1,1,1.0628102734484615
ternary,7.1500000000000004,1,1,1.0596107654450437
ternary,7.2000000000000002,1,1,1.0562839953082317
ternary,7.25,1,1,1.0528414855447106
ternary,7.3000000000000007,1,1,1.0492957700253134
ternary,7.3500000000000005,1,1,1.045660315196856
ternary,7.4000000000000004,1,1,1.0419494164912373
ternary,7.4500000000000002,1,1,1.0381780717504263
ternary,7.5,1,1,1.0343618343776242
ternary,7.5500000000000007,1,1,1.0305166497442129
ternary,7.6000000000000005,1,1,1.0266586790776824
ternary,7.6500000000000004,1,1,1.0228041155821315
ternary,7.7000000000000002,1,1,1.0189689978647085
ternary,7.75,1,1,1.015169025836397
ternary,7.8000000000000007,1,1,1.0114193841172883
ternary,7.8500000000000005,1,1,1.0077345776143638
ternary,7.9000000000000004,1,1,1.0041282833785534
ternary,7.9500000000000002,1,1,1.000613222124888
ternary,8,1,1,0.99720105196173237
ternary,8.0500000000000007,1,1,0.99390228597412855
ternary,8.0999999999999996,1,1,0.99072623439477614
ternary,8.1500000000000004,1,1,0.98768097122306886
ternary,8.2000000000000011,1,1,0.98477332435999909
ternary,8.25,1,1,0.9820088876473928
ternary,8.3000000000000007,1,1,0.9793920526558253
ternary,8.3499999999999996,1,1,0.97692605766780694
ternary,8.4000000000000004,1,1,0.97461305105223506
ternary,8.4500000000000011,1,1,0.97245416611481594
ternary,8.5,1,1,0.9704496045224138
ternary,8.5500000000000007,1,1,0.96859872551767312
ternary,8.5999999999999996,1,1,0.96690013834183519
ternary,8.6500000000000004,1,1,0.96535179554575656
ternary,8.7000000000000011,1,1,0.96395108517002792
ternary,8.75,1,1,0.9626949200951237
ternary,8.8000000000000007,1,1,0.96157982318485558
ternary,8.8499999999999996,1,1,0.9606020071575152
ternary,8.9000000000000004,1,1,0.95975744840870392
ternary,8.9500000000000011,1,1,0.95904195427089522
ternary,9,1,1,0.95845122342302014
ternary,9.0500000000000007,1,1,0.95798089935696384
ternary,9.0999999999999996,1,1,0.95762661696697038
ternary,9.1500000000000004,1,1,0.95738404245408748
ternary,9.2000000000000011,1,1,0.95724890683366792
ternary,9.25,1,1,0.95721703340277353
ternary,9.3000000000000007,1,1,0.95728435956981206
ternary,9.3499999999999996,1,1,0.95744695347454878
ternary,9.4000000000000004,1,1,0.95770102583644756
ternary,9.4500000000000011,1,1,0.95804293746650904
ternary,9.5,1,1,0.95846920286548032
ternary,9.5500000000000007,1,1,0.95897649031229826
ternary,9.6000000000000014,1,1,0.95956161882325008
ternary,9.6500000000000004,1,1,0.96022155233664375
ternary,9.7000000000000011,1,1,0.96095339145143199
ternary,9.75,1,1,0.96175436302262463
ternary,9.8000000000000007,1,1,0.96262180789251262
ternary,9.8500000000000014,1,1,0.96355316701556171
ternary,9.9000000000000004,1,1,0.96454596621692024
ternary,9.9500000000000011,1,1,0.96559779981024541
ternary,10,1,1,0.96670631329022716
ternary,10.050000000000001,1,1,0.96786918530888322
ternary,10.100000000000001,1,1,0.96908410914230736
ternary,10.15,1,1,0.97034877385597862
ternary,10.200000000000001,1,1,0.97166084538152608
ternary,10.25,1,1,0.97301794772565653
ternary,10.300000000000001,1,1,0.97441764454210866
ternary,10.350000000000001,1,1,0.9758574213092871
ternary,10.4,1,1,0.97733466836882854
ternary,10.450000000000001,1,1,0.97884666509270424
ternary,10.5,1,1,0.98039056545749326
ternary,10.550000000000001,1,1,0.98196338531298255
ternary,10.600000000000001,1,1,0.98356199163693037
ternary,10.65,1,1,0.98518309406741189
ternary,10.700000000000001,1,1,0.98682323899735547
ternary,10.75,1,1,0.98847880650142672
ternary,10.800000000000001,1,1,0.99014601034235894
ternary,10.850000000000001,1,1,0.99182090127121825
ternary,10.9,1,1,0.99349937379355335
ternary,10.950000000000001,1,1,0.99517717652064952
ternary,11,1,1,0.99684992616265289
ternary,11.050000000000001,1,1,0.99851312514888213
ternary,11.100000000000001,1,1,1.0001621827817195
ternary,11.15,1,1,1.0017924397459452
ternary,11.200000000000001,1,1,1.0033991957077706
ternary,11.25,1,1,1.0049777396501074
ternary,11.300000000000001,1,1,1.0065233825059938
ternary,11.350000000000001,1,1,1.0080314915741861
ternary,11.4,1,1,1.0094975261331454
ternary,11.450000000000001,1,1,1.0109170736154263
ternary,11.5,1,1,1.0122858856667376
ternary,11.550000000000001,1,1,1.0135999133951294
ternary,11.600000000000001,1,1,1.0148553411174908
ternary,11.65,1,1,1.0160486179335859
ternary,11.700000000000001,1,1,1.017176486502003
ternary,11.75,1,1,1.0182360084563868
ternary,11.800000000000001,1,1,1.0192245859820379
ternary,11.850000000000001,1,1,1.0201399791693129
ternary,11.9,1,1,1.0209803188675672
ternary,11.950000000000001,1,1,1.021744114877402
ternary,12,1,1,1.0224302594353176
ternary,12.050000000000001,1,1,1.023038026059077
ternary,12.100000000000001,1,1,1.0235670639299739
ternary,12.15,1,1,1.0240173880860959
ternary,12.200000000000001,1,1,1.0243893657854781
ternary,12.25,1,1,1.0246836994674891
ternary,12.300000000000001,1,1,1.0249014067933935
ternary,12.350000000000001,1,1,1.025043798282179
ternary,12.4,1,1,1.0251124530756088
ternary,12.450000000000001,1,1,1.0251091933679228
ternary,12.5,1,1,1.0250360580221929
ternary,12.550000000000001,1,1,1.0248952758689576
ternary,12.600000000000001,1,1,1.0246892391456419
ternary,12.65,1,1,1.0244204774898762
ternary,12.700000000000001,1,1,1.0240916328485243
ternary,12.75,1,1,1.0237054356093978
ternary,12.800000000000001,1,1,1.0232646822063904
ternary,12.850000000000001,1,1,1.0227722143930196
ternary,12.9,1,1,1.0222309003256833
ternary,12.950000000000001,1,1,1.0216436175476289
ternary,13,1,1,1.0210132379185928
ternary,13.050000000000001,1,1,1.0203426144939804
ternary,13.100000000000001,1,1,1.019634570321666
ternary,13.15,1,1,1.0188918890941128
ternary,13.200000000000001,1,1,1.0181173075684686
ternary,13.25,1,1,1.01731350964735
ternary,13.300000000000001,1,1,1.0164831219977963
ternary,13.350000000000001,1,1,1.0156287110749511
ternary,13.4,1,1,1.0147527814098807
ternary,13.450000000000001,1,1,1.0138577750170736
ternary,13.5,1,1,1.012946071776111
ternary,13.550000000000001,1,1,1.0120199906431766
ternary,13.600000000000001,1,1,1.0110817915511763
ternary,13.65,1,1,1.0101336778617334
ternary,13.700000000000001,1,1,1.009177799237952
ternary,13.75,1,1,1.0082162548132791
ternary,13.800000000000001,1,1,1.0072510965387924
ternary,13.850000000000001,1,1,1.0062843325986357
ternary,13.9,1,1,1.0053179307909605
ternary,13.950000000000001,1,1,1.0043538217795269
ternary,14,1,1,1.0033939021289997
ternary,14.050000000000001,1,1,1.0024400370449424
ternary,14.100000000000001,1,1,1.0014940627475486
ternary,14.15,1,1,1.00055778841628
ternary,14.200000000000001,1,1,0.99963299765085489
ternary,14.25,1,1,0.99872144940245211
ternary,14.300000000000001,1,1,0.99782487833765654
ternary,14.350000000000001,1,1,0.99694499460656782
ternary,14.4,1,1,0.99608348299565153
ternary,14.450000000000001,1,1,0.99524200145538511
ternary,14.5,1,1,0.99442217900245078
ternary,14.550000000000001,1,1,0.993625613006202
ternary,14.600000000000001,1,1,0.99285386587925328
ternary,14.65,1,1,0.99210846120226748
ternary,14.700000000000001,1,1,0.99139087932318959
ternary,14.75,1,1,0.99070255248119632
ternary,14.800000000000001,1,1,0.99004485951528109
ternary,14.850000000000001,1,1,0.98941912022652956
ternary,14.9,1,1,0.98882658947150237
ternary,14.950000000000001,1,1,0.98826845107158634
ternary,15,1,1,0.98774581162940045
ternary,15.050000000000001,1,1,0.98725969434820793
ternary,15.100000000000001,1,1,0.98681103295356254
ternary,15.15,1,1,0.98640066581794339
ternary,15.200000000000001,1,1,0.98602933038879703
ternary,15.25,1,1,0.98569765801806186
ternary,15.300000000000001,1,1,0.9854061692869498
ternary,15.350000000000001,1,1,0.98515526991343305
ternary,15.4,1,1,0.98494524732165589
ternary,15.450000000000001,1,1,0.98477626794249773
ternary,15.5,1,1,0.98464837530291716
ternary,15.550000000000001,1,1,0.9845614889488099
ternary,15.600000000000001,1,1,0.98451540423215222
ternary,15.65,1,1,0.98450979297855046
ternary,15.700000000000001,1,1,0.98454420503633111
ternary,15.75,1,1,0.98461807069333518
ternary,15.800000000000001,1,1,0.98473070393301843
ternary,15.850000000000001,1,1,0.98488130648765992
ternary,15.9,1,1,0.98506897263378501
ternary,15.950000000000001,1,1,0.98529269466358593
ternary,16,1,1,0.98555136895645912
ternary,16.050000000000001,1,1,0.98584380256694037
ternary,16.100000000000001,1,1,0.9861687202394428
ternary,16.150000000000002,1,1,0.98652477175637077
ternary,16.199999999999999,1,1,0.98691053952439611
ternary,16.25,1,1,0.98732454630388033
ternary,16.300000000000001,1,1,0.98776526298853506
ternary,16.350000000000001,1,1,0.98823111634623306
ternary,16.400000000000002,1,1,0.98872049663727823
ternary,16.449999999999999,1,1,0.98923176503314592
ternary,16.5,1,1,0.98976326076650833
ternary,16.550000000000001,1,1,0.99031330795199346
ternary,16.600000000000001,1,1,0.99088022202636461
ternary,16.650000000000002,1,1,0.99146231576636135
ternary,16.699999999999999,1,1,0.99205790485213918
ternary,16.75,1,1,0.99266531295382243
ternary,16.800000000000001,1,1,0.99328287632799839
ternary,16.850000000000001,1,1,0.99390894791981177
ternary,16.900000000000002,1,1,0.99454190097463302
ternary,16.949999999999999,1,1,0.9951801321708359
ternary,17,1,1,0.99582206429208631
ternary,17.050000000000001,1,1,0.9964661484635573
ternary,17.100000000000001,1,1,0.99711086598169218
ternary,17.150000000000002,1,1,0.99775472977147783
ternary,17.199999999999999,1,1,0.99839628550871851
ternary,17.25,1,1,0.99903411244749629
ternary,17.300000000000001,1,1,0.99966682399494611
ternary,17.350000000000001,1,1,1.0002930680766666
ternary,17.400000000000002,1,1,1.0009115273365938
ternary,17.449999999999999,1,1,1.0015209192150472
ternary,17.5,1,1,1.002119995947927
ternary,17.550000000000001,1,1,1.0027075445287863
ternary,17.600000000000001,1,1,1.0032823866737373
ternary,17.650000000000002,1,1,1.0038433788269319
ternary,17.699999999999999,1,1,1.0043894122417163
ternary,17.75,1,1,1.004919413169532
ternary,17.800000000000001,1,1,1.0054323431852543
ternary,17.850000000000001,1,1,1.0059271996739372
ternary,17.900000000000002,1,1,1.0064030164999278
ternary,17.949999999999999,1,1,1.0068588648750207
ternary,18,1,1,1.0072938544377703
ternary,18.050000000000001,1,1,1.0077071345513391
ternary,18.100000000000001,1,1,1.0080978958223077
ternary,18.150000000000002,1,1,1.0084653718377794
ternary,18.199999999999999,1,1,1.0088088411129499
ternary,18.25,1,1,1.0091276292360551
ternary,18.300000000000001,1,1,1.0094211111924238
ternary,18.350000000000001,1,1,1.0096887138442301
ternary,18.400000000000002,1,1,1.0099299185375816
ternary,18.449999999999999,1,1,1.0101442638038893
ternary,18.5,1,1,1.0103313481181018
ternary,18.550000000000001,1,1,1.0104908326724831
ternary,18.600000000000001,1,1,1.010622444121247
ternary,18.650000000000002,1,1,1.0107259772486372
ternary,18.699999999999999,1,1,1.0108012975110596
ternary,18.75,1,1,1.0108483434027278
ternary,18.800000000000001,1,1,1.0108671285940134
ternary,18.850000000000001,1,1,1.0108577437924247
ternary,18.900000000000002,1,1,1.0108203582778517
ternary,18.949999999999999,1,1,1.0107552210664612
ternary,19,1,1,1.0106626616614192
ternary,19.050000000000001,1,1,1.0105430903533532
ternary,19.100000000000001,1,1,1.0103969980391971
ternary,19.150000000000002,1,1,1.0102249555345735
ternary,19.200000000000003,1,1,1.0100276123621319
ternary,19.25,1,1,1.0098056950061098
ternary,19.300000000000001,1,1,1.009560004631622
ternary,19.350000000000001,1,1,1.0092914142756668
ternary,19.400000000000002,1,1,1.0090008655253633
ternary,19.450000000000003,1,1,1.0086893647072597
ternary,19.5,1,1,1.00835797861955
ternary,19.550000000000001,1,1,1.0080078298464294
ternary,19.600000000000001,1,1,1.0076400917004962
ternary,19.650000000000002,1,1,1.0072559828448606
ternary,19.700000000000003,1,1,1.0068567616513515
ternary,19.75,1,1,1.0064437203547822
ternary,19.800000000000001,1,1,1.0060181790656026
ternary,19.850000000000001,1,1,1.005581479704394
ternary,19.900000000000002,1,1,1.0051349799215088
ternary,19.950000000000003,1,1,1.0046800470638448
ternary,20,1,1,1.0042180522482391
ternary,20.050000000000001,1,1,1.0037503645974422
ternary,20.100000000000001,1,1,1.003278345690187
ternary,20.150000000000002,1,1,1.0028033442716358
ternary,20.200000000000003,1,1,1.0023266912646123
ternary,20.25,1,1,1.0018496951157303
ternary,20.300000000000001,1,1,1.0013736375038911
ternary,20.350000000000001,1,1,1.0008997694318813
ternary,20.400000000000002,1,1,1.0004293077150657
ternary,20.450000000000003,1,1,0.99996343187460091
ternary,20.5,1,1,0.99950328143631662
ternary,20.550000000000001,1,1,0.99904995363052995
ternary,20.600000000000001,1,1,0.99860450148267255
ternary,20.650000000000002,1,1,0.99816793227976741
ternary,20.700000000000003,1,1,0.99774120639359276
ternary,20.75,1,1,0.99732523643777338
ternary,20.800000000000001,1,1,0.9969208867331244
ternary,20.850000000000001,1,1,0.99652897305331178
ternary,20.900000000000002,1,1,0.99615026262124251
ternary,20.950000000000003,1,1,0.99578547432559494
ternary,21,1,1,0.99543527912642726
ternary,21.050000000000001,1,1,0.99510030061889454
ternary,21.100000000000001,1,1,0.99478111572464212
ternary,21.150000000000002,1,1,0.99447825548143576
ternary,21.200000000000003,1,1,0.99419220590292567
ternary,21.25,1,1,0.99392340888212649
ternary,21.300000000000001,1,1,0.99367226311411827
ternary,21.350000000000001,1,1,0.99343912501565224
ternary,21.400000000000002,1,1,0.99322430962165631
ternary,21.450000000000003,1,1,0.99302809144111803
ternary,21.5,1,1,0.9928507052573694
ternary,21.550000000000001,1,1,0.99269234686042396
ternary,21.600000000000001,1,1,0.99255317370166007
ternary,21.650000000000002,1,1,0.99243330546378761
ternary,21.700000000000003,1,1,0.99233282454167415
ternary,21.75,1,1,0.99225177643216134
ternary,21.800000000000001,1,1,0.99219017003353849
ternary,21.850000000000001,1,1,0.99214797785774411
ternary,21.900000000000002,1,1,0.99212513616070497
ternary,21.950000000000003,1,1,0.99212154499840988
ternary,22,1,1,0.99213706821838477
ternary,22.050000000000001,1,1,0.99217153339813335
ternary,22.100000000000001,1,1,0.99222473174384163
ternary,22.150000000000002,1,1,0.99229641796417878
ternary,22.200000000000003,1,1,0.99238631013535061
ternary,22.25,1,1,0.9924940895746559
ternary,22.300000000000001,1,1,0.99261940074063726
ternary,22.350000000000001,1,1,0.99276185117850813
ternary,22.400000000000002,1,1,0.99292101152980905
ternary,22.450000000000003,1,1,0.99309641562527318
ternary,22.5,1,1,0.99328756067953805
ternary,22.550000000000001,1,1,0.9934939076057393
ternary,22.600000000000001,1,1,0.99371488146704356
ternary,22.650000000000002,1,1,0.99394987208092134
ternary,22.700000000000003,1,1,0.99419823479036273
ternary,22.75,1,1,0.99445929141434874
ternary,22.800000000000001,1,1,0.99473233138770534
ternary,22.850000000000001,1,1,0.99501661309804423
ternary,22.900000000000002,1,1,0.99531136542482301
ternary,22.950000000000003,1,1,0.99561578948270135
ternary,23,1,1,0.99592906056840125
ternary,23.050000000000001,1,1,0.99625033030716859
ternary,23.100000000000001,1,1,0.99657872899184441
ternary,23.150000000000002,1,1,0.99691336810444531
ternary,23.200000000000003,1,1,0.99725334300715651
ternary,23.25,1,1,0.99759773578677646
ternary,23.300000000000001,1,1,0.99794561823400973
ternary,23.350000000000001,1,1,0.99829605493661067
ternary,23.400000000000002,1,1,0.99864810646331525
ternary,23.450000000000003,1,1,0.99900083261380446
ternary,23.5,1,1,0.99935329570862541
ternary,23.550000000000001,1,1,0.99970456389214546
ternary,23.600000000000001,1,1,1.0000537144211925
ternary,23.650000000000002,1,1,1.0003998369120759
ternary,23.700000000000003,1,1,1.0007420365192019
ternary,23.75,1,1,1.0010794370194374
ternary,23.800000000000001,1,1,1.0014111837777511
ternary,23.850000000000001,1,1,1.0017364465714342
ternary,23.900000000000002,1,1,1.0020544222522989
ternary,23.950000000000003,1,1,1.0023643372286684
ternary,24,1,1,1.0026654497516165
ternary,24.050000000000001,1,1,1.0029570519927449
ternary,24.100000000000001,1,1,1.0032384719037315
ternary,24.150000000000002,1,1,1.0035090748508941
ternary,24.200000000000003,1,1,1.0037682650210027
ternary,24.25,1,1,1.0040154865975204
ternary,24.300000000000001,1,1,1.0042502247092691
ternary,24.350000000000001,1,1,1.0044720061561461
ternary,24.400000000000002,1,1,1.0046803999189904
ternary,24.450000000000003,1,1,1.0048750174628558
ternary,24.5,1,1,1.0050555128448815
ternary,24.550000000000001,1,1,1.0052215826395761
ternary,24.600000000000001,1,1,1.0053729656956258
ternary,24.650000000000002,1,1,1.0055094427393581
ternary,24.700000000000003,1,1,1.0056308358406607
ternary,24.75,1,1,1.0057370077575478
ternary,24.800000000000001,1,1,1.005827861175649
ternary,24.850000000000001,1,1,1.0059033378587128
ternary,24.900000000000002,1,1,1.0059634177257737
ternary,24.950000000000003,1,1,1.0060081178699765
ternary,25,1,1,1.0060374915331689
ternary,25.050000000000001,1,1,1.0060516270493427
ternary,25.100000000000001,1,1,1.0060506467688146
ternary,25.150000000000002,1,1,1.0060347059737407
ternary,25.200000000000003,1,1,1.0060039917941608
ternary,25.25,1,1,1.0059587221323418
ternary,25.300000000000001,1,1,1.0058991446016883
ternary,25.350000000000001,1,1,1.0058255354850172
ternary,25.400000000000002,1,1,1.0057381987155207
ternary,25.450000000000003,1,1,1.0056374648822928
ternary,25.5,1,1,1.0055236902609428
ternary,25.550000000000001,1,1,1.0053972558684889
ternary,25.600000000000001,1,1,1.0052585665405269
ternary,25.650000000000002,1,1,1.0051080500275573
ternary,25.700000000000003,1,1,1.0049461561063588
ternary,25.75,1,1,1.004773355701428
ternary,25.800000000000001,1,1,1.0045901400107859
ternary,25.850000000000001,1,1,1.0043970196298557
ternary,25.900000000000002,1,1,1.004194523666686
ternary,25.950000000000003,1,1,1.0039831988415211
ternary,26,1,1,1.0037636085635784
ternary,26.050000000000001,1,1,1.0035363319779504
ternary,26.100000000000001,1,1,1.0033019629757305
ternary,26.150000000000002,1,1,1.0030611091608064
ternary,26.200000000000003,1,1,1.002814390767284
ternary,26.25,1,1,1.0025624395221369
ternary,26.300000000000001,1,1,1.0023058974484602
ternary,26.350000000000001,1,1,1.0020454156056282
ternary,26.400000000000002,1,1,1.0017816527636709
ternary,26.450000000000003,1,1,1.0015152740103108
ternary,26.5,1,1,1.0012469492903058
ternary,26.550000000000001,1,1,1.0009773518780205
ternary,26.600000000000001,1,1,1.0007071567854522
ternary,26.650000000000002,1,1,1.0004370391092756
ternary,26.700000000000003,1,1,1.0001676723218089
ternary,26.75,1,1,0.99989972651209369
ternary,26.800000000000001,1,1,0.999633866584553
ternary,26.850000000000001,1,1,0.99937075042385881
ternary,26.900000000000002,1,1,0.99911102703572485
ternary,26.950000000000003,1,1,0.99885533467429666
ternary,27,1,1,0.99860429896762914
ternary,27.050000000000001,1,1,0.99835853105339456
ternary,27.100000000000001,1,1,0.99811862573743559
ternary,27.150000000000002,1,1,0.99788515968807467
ternary,27.200000000000003,1,1,0.99765868967917415
ternary,27.25,1,1,0.99743975089482828
ternary,27.300000000000001,1,1,0.99722885530825112
ternary,27.350000000000001,1,1,0.99702649014691058
ternary,27.400000000000002,1,1,0.99683311645523942
ternary,27.450000000000003,1,1,0.99664916776537893
ternary,27.5,1,1,0.99647504888534955
ternary,27.550000000000001,1,1,0.99631113481284606
ternary,27.600000000000001,1,1,0.99615776978154391
ternary,27.650000000000002,1,1,0.99601526644538174
ternary,27.700000000000003,1,1,0.99588390520481018
ternary,27.75,1,1,0.99576393367746086
ternary,27.800000000000001,1,1,0.99565556631416507
ternary,27.850000000000001,1,1,0.99555898415971866
ternary,27.900000000000002,1,1,0.99547433475631408
ternary,27.950000000000003,1,1,0.99540173218614691
ternary,28,1,1,0.99534125724838685
ternary,28.050000000000001,1,1,0.99529295776448734
ternary,28.100000000000001,1,1,0.9952568490047401
ternary,28.150000000000002,1,1,0.99523291422803739
ternary,28.200000000000003,1,1,0.99522110532603703
ternary,28.25,1,1,0.99522134356230008
ternary,28.300000000000001,1,1,0.99523352039653157
ternary,28.350000000000001,1,1,0.99525749838377864
ternary,28.400000000000002,1,1,0.99529311213830574
ternary,28.450000000000003,1,1,0.99534016935193936
ternary,28.5,1,1,0.99539845185684317
ternary,28.550000000000001,1,1,0.99546771672303191
ternary,28.600000000000001,1,1,0.99554769738139315
ternary,28.650000000000002,1,1,0.99563810476355408
ternary,28.700000000000003,1,1,0.99573862845060668
ternary,28.75,1,1,0.99584893782345274
ternary,28.800000000000001,1,1,0.99596868320835474
ternary,28.850000000000001,1,1,0.99609749701213812
ternary,28.900000000000002,1,1,0.99623499484239053
ternary,28.950000000000003,1,1,0.99638077660891566
ternary,29,1,1,0.9965344276036221
ternary,29.050000000000001,1,1,0.99669551955691815
ternary,29.100000000000001,1,1,0.99686361166956861
ternary,29.150000000000002,1,1,0.99703825161979764
ternary,29.200000000000003,1,1,0.99721897654621905
ternary,29.25,1,1,0.99740531400788568
ternary,29.300000000000001,1,1,0.9975967829234319
ternary,29.350000000000001,1,1,0.9977928944918294
ternary,29.400000000000002,1,1,0.99799315309781822
ternary,29.450000000000003,1,1,0.9981970572054456
ternary,29.5,1,1,0.99840410024349024
ternary,29.550000000000001,1,1,0.99861377148675867
ternary,29.600000000000001,1,1,0.99882555693737585
ternary,29.650000000000002,1,1,0.99903894021020268
ternary,29.700000000000003,1,1,0.99925340342646196
ternary,29.75,1,1,0.99946842811946413
ternary,29.800000000000001,1,1,0.99968349615607421
ternary,29.850000000000001,1,1,0.99989809067719493
ternary,29.900000000000002,1,1,1.0001116970600989
ternary,29.950000000000003,1,1,1.0003238039049172
ternary,30,1,1,1.0005339040469821
ternary,0,1,2,-0.37497869656727256
ternary,0.050000000000000003,1,2,-0.37499152571223543
ternary,0.10000000000000001,1,2,-0.37502997482858463
ternary,0.15000000000000002,1,2,-0.37509392880211145
ternary,0.20000000000000001,1,2,-0.37518319464859412
ternary,0.25,1,2,-0.37529749960040248
ternary,0.30000000000000004,1,2,-0.37543648876139613
ternary,0.35000000000000003,1,2,-0.37559972179129897
ternary,0.40000000000000002,1,2,-0.3757866689022959
ternary,0.45000000000000001,1,2,-0.37599670602697449
ternary,0.5,1,2,-0.37622910914449331
ternary,0.55000000000000004,1,2,-0.37648304771053182
ternary,0.60000000000000009,1,2,-0.37675757714168628
ternary,0.65000000000000002,1,2,-0.3770516302907671
ternary,0.70000000000000007,1,2,-0.3773640078457785
ternary,0.75,1,2,-0.37769336757404715
ternary,0.80000000000000004,1,2,-0.37803821232589802
ternary,0.85000000000000009,1,2,-0.37839687670240979
ternary,0.90000000000000002,1,2,-0.37876751228157296
ternary,0.95000000000000007,1,2,-0.37914807128777189
ternary,1,1,2,-0.37953628857793914
ternary,1.05,1,2,-0.37992966180743731
ternary,1.1000000000000001,1,2,-0.38032542962667759
ternary,1.1500000000000001,1,2,-0.38072054774850483
ternary,1.2000000000000002,1,2,-0.38111166271459762
ternary,1.25,1,2,-0.38149508317812408
ternary,1.3,1,2,-0.38186674850907265
ternary,1.3500000000000001,1,2,-0.3822221945196338
ternary,1.4000000000000001,1,2,-0.38255651609872127
ternary,1.4500000000000002,1,2,-0.38286432653970731
ternary,1.5,1,2,-0.38313971334309482
ternary,1.55,1,2,-0.38337619027847997
ternary,1.6000000000000001,1,2,-0.38356664549849628
ternary,1.6500000000000001,1,2,-0.38370328551376631
ternary,1.7000000000000002,1,2,-0.38377757486415903
ternary,1.75,1,2,-0.3837801713608216
ternary,1.8,1,2,-0.38370085682870747
ternary,1.8500000000000001,1,2,-0.38352846335468771
ternary,1.9000000000000001,1,2,-0.38325079514669103
ternary,1.9500000000000002,1,2,-0.38285454624014054
ternary,2,1,2,-0.38232521445604911
ternary,2.0500000000000003,1,2,-0.38164701222803921
ternary,2.1000000000000001,1,2,-0.38080277518211031
ternary,2.1499999999999999,1,2,-0.37977386968287047
ternary,2.2000000000000002,1,2,-0.37854010096410506
ternary,2.25,1,2,-0.37707962395126882
ternary,2.3000000000000003,1,2,-0.37536885947059523
ternary,2.3500000000000001,1,2,-0.37338241923526239
ternary,2.4000000000000004,1,2,-0.37109304381323721
ternary,2.4500000000000002,1,2,-0.36847155872082049
ternary,2.5,1,2,-0.36548685485220533
ternary,2.5500000000000003,1,2,-0.36210590064229536
ternary,2.6000000000000001,1,2,-0.35829379464978273
ternary,2.6500000000000004,1,2,-0.3540138686062233
ternary,2.7000000000000002,1,2,-0.34922785234914727
ternary,2.75,1,2,-0.34389611335998188
ternary,2.8000000000000003,1,2,-0.33797798474325985
ternary,2.8500000000000001,1,2,-0.33143219625387155
ternary,2.9000000000000004,1,2,-0.32421742319978231
ternary,2.9500000000000002,1,2,-0.3162929674662176
ternary,3,1,2,-0.3076195832261967
ternary,3.0500000000000003,1,2,-0.29816045678953929
ternary,3.1000000000000001,1,2,-0.28788234515402245
ternary,3.1500000000000004,1,2,-0.27675687083883427
ternary,3.2000000000000002,1,2,-0.26476196126103341
ternary,3.25,1,2,-0.25188340916993052
ternary,3.3000000000000003,1,2,-0.23811651662900585
ternary,3.3500000000000001,1,2,-0.22346776920850939
ternary,3.4000000000000004,1,2,-0.20795647032078746
ternary,3.4500000000000002,1,2,-0.19161624936694446
ternary,3.5,1,2,-0.17449634341560871
ternary,3.5500000000000003,1,2,-0.1566625427387689
ternary,3.6000000000000001,1,2,-0.13819768811110858
ternary,3.6500000000000004,1,2,-0.11920161463185969
ternary,3.7000000000000002,1,2,-0.099790454691238803
ternary,3.75,1,2,-0.080095242290229851
ternary,3.8000000000000003,1,2,-0.06025980149026338
ternary,3.8500000000000001,1,2,-0.040437950847396896
ternary,3.9000000000000004,1,2,-0.02079010907448102
ternary,3.9500000000000002,1,2,-0.0014794392958648113
ternary,4,1,2,0.017332286141452314
ternary,4.0499999999999998,1,2,0.035488887219449601
ternary,4.1000000000000005,1,2,0.052843818065025035
ternary,4.1500000000000004,1,2,0.069263830385104072
ternary,4.2000000000000002,1,2,0.084632067401377506
ternary,4.25,1,2,0.098850441586812249
ternary,4.2999999999999998,1,2,0.11184120540025615
ternary,4.3500000000000005,1,2,0.12354768485749607
ternary,4.4000000000000004,1,2,0.13393420428295424
ternary,4.4500000000000002,1,2,0.14298528099124919
ternary,4.5,1,2,0.15070420670511875
ternary,4.5499999999999998,1,2,0.15711115608705217
ternary,4.6000000000000005,1,2,0.1622409717856601
ternary,4.6500000000000004,1,2,0.16614077152278542
ternary,4.7000000000000002,1,2,0.16886750876280368
ternary,4.75,1,2,0.17048559772250313
ternary,4.8000000000000007,1,2,0.17106468918374157
ternary,4.8500000000000005,1,2,0.17067765861997089
ternary,4.9000000000000004,1,2,0.16939884474252276
ternary,4.9500000000000002,1,2,0.16730255618319001
ternary,5,1,2,0.16446184744096795
ternary,5.0500000000000007,1,2,0.16094755265184363
ternary,5.1000000000000005,1,2,0.15682755699533482
ternary,5.1500000000000004,1,2,0.15216628016973718
ternary,5.2000000000000002,1,2,0.14702434375493501
ternary,5.25,1,2,0.1414583938078989
ternary,5.3000000000000007,1,2,0.13552105110650703
ternary,5.3500000000000005,1,2,0.12926096355164393
ternary,5.4000000000000004,1,2,0.12272293792845237
ternary,5.4500000000000002,1,2,0.11594813118394479
ternary,5.5,1,2,0.10897428435754265
ternary,5.5500000000000007,1,2,0.1018359851375342
ternary,5.6000000000000005,1,2,0.09456494760577043
ternary,5.6500000000000004,1,2,0.087190300018676642
ternary,5.7000000000000002,1,2,0.079738873433179605
ternary,5.75,1,2,0.072235485623916976
ternary,5.8000000000000007,1,2,0.064703216071230335
ternary,5.8500000000000005,1,2,0.057163668855273887
ternary,5.9000000000000004,1,2,0.049637221102036728
ternary,5.9500000000000002,1,2,0.042143255225579962
ternary,6,1,2,0.034700373630227495
ternary,6.0500000000000007,1,2,0.027326594808125493
ternary,6.1000000000000005,1,2,0.020039529920726815
ternary,6.1500000000000004,1,2,0.012856539014475515
ternary,6.2000000000000002,1,2,0.0057948660164879422
ternary,6.25,1,2,-0.0011282483909786254
ternary,6.3000000000000007,1,2,-0.0078954769854766172
ternary,6.3500000000000005,1,2,-0.014489340342218807
ternary,6.4000000000000004,1,2,-0.020892166370752543
ternary,6.4500000000000002,1,2,-0.027086076125409145
ternary,6.5,1,2,-0.033052996900318016
ternary,6.5500000000000007,1,2,-0.038774703473804281
ternary,6.6000000000000005,1,2,-0.04423288812260584
ternary,6.6500000000000004,1,2,-0.049409259669924363
ternary,6.7000000000000002,1,2,-0.054285671353553812
ternary,6.75,1,2,-0.058844276697699996
ternary,6.8000000000000007,1,2,-0.063067711848451918
ternary,6.8500000000000005,1,2,-0.066939302000882744
ternary,6.9000000000000004,1,2,-0.070443288628201484
ternary,6.9500000000000002,1,2,-0.073565073253725438
ternary,7,1,2,-0.076291472528901366
ternary,7.0500000000000007,1,2,-0.078610978448964253
ternary,7.1000000000000005,1,2,-0.080514016713373354
ternary,7.1500000000000004,1,2,-0.081993195586199885
ternary,7.2000000000000002,1,2,-0.083043537196973494
ternary,7.25,1,2,-0.083662683104008914
ternary,7.3000000000000007,1,2,-0.083851066166991631
ternary,7.3500000000000005,1,2,-0.083612041373073126
ternary,7.4000000000000004,1,2,-0.082951969237814546
ternary,7.4500000000000002,1,2,-0.081880246739903212
ternary,7.5,1,2,-0.080409282400201162
ternary,7.5500000000000007,1,2,-0.078554414008836435
ternary,7.6000000000000005,1,2,-0.076333769544126351
ternary,7.6500000000000004,1,2,-0.073768073903932613
ternary,7.7000000000000002,1,2,-0.070880406066330948
ternary,7.75,1,2,-0.067695913097420235
ternary,7.8000000000000007,1,2,-0.064241488927004056
ternary,7.8500000000000005,1,2,-0.060545426935714311
ternary,7.9000000000000004,1,2,-0.056637056085114899
ternary,7.9500000000000002,1,2,-0.052546370551642269
ternary,8,1,2,-0.048303662603899108
ternary,8.0500000000000007,1,2,-0.043939167828244828
ternary,8.0999999999999996,1,2,-0.039482730821827003
ternary,8.1500000000000004,1,2,-0.03496349821493535
ternary,8.2000000000000011,1,2,-0.030409644445666455
ternary,8.25,1,2,-0.025848134181362392
ternary,8.3000000000000007,1,2,-0.021304523750295845
ternary,8.3499999999999996,1,2,-0.016802802490126327
ternary,8.4000000000000004,1,2,-0.012365273598635951
ternary,8.4500000000000011,1,2,-0.0080124729322728107
ternary,8.5,1,2,-0.0037631232668813267
ternary,8.5500000000000007,1,2,0.00036587917569790756
ternary,8.5999999999999996,1,2,0.0043594496242906093
ternary,8.6500000000000004,1,2,0.0082042750562855791
ternary,8.7000000000000011,1,2,0.011888753981778862
ternary,8.75,1,2,0.015402919751693053
ternary,8.8000000000000007,1,2,0.018738351255893029
ternary,8.8499999999999996,1,2,0.021888074611331212
ternary,8.9000000000000004,1,2,0.024846459108479619
ternary,8.9500000000000011,1,2,0.027609110312357139
ternary,9,1,2,0.030172762824338797
ternary,9.0500000000000007,1,2,0.032535174820593447
ternary,9.0999999999999996,1,2,0.034695026106428155
ternary,9.1500000000000004,1,2,0.0366518210732086
ternary,9.2000000000000011,1,2,0.038405797622683091
ternary,9.25,1,2,0.039957842836397278
ternary,9.3000000000000007,1,2,0.041309415916980528
ternary,9.3499999999999996,1,2,0.042462478713106738
ternary,9.4000000000000004,1,2,0.043419433959178994
ternary,9.4500000000000011,1,2,0.044183071211578398
ternary,9.5,1,2,0.04475652034236928
ternary,9.5500000000000007,1,2,0.045143212355035559
ternary,9.6000000000000014,1,2,0.045346847211414743
ternary,9.6500000000000004,1,2,0.045371368300842305
ternary,9.7000000000000011,1,2,0.045220943138148867
ternary,9.75,1,2,0.044899949843388902
ternary,9.8000000000000007,1,2,0.044412968930170778
ternary,9.8500000000000014,1,2,0.043764779908726008
ternary,9.9000000000000004,1,2,0.042960362192314333
ternary,9.9500000000000011,1,2,0.042004899779518386
ternary,10,1,2,0.040903789169146741
ternary,10.050000000000001,1,2,0.039662649947940588
ternary,10.100000000000001,1,2,0.038287337473573484
ternary,10.15,1,2,0.036783957056430089
ternary,10.200000000000001,1,2,0.035158879023633301
ternary,10.25,1,2,0.033418754028411012
ternary,10.300000000000001,1,2,0.031570527948176393
ternary,10.350000000000001,1,2,0.029621455697014219
ternary,10.4,1,2,0.027579113264304955
ternary,10.450000000000001,1,2,0.025451407282952313
ternary,10.5,1,2,0.023246581430301408
ternary,10.550000000000001,1,2,0.020973218974673347
ternary,10.600000000000001,1,2,0.018640240802900245
ternary,10.65,1,2,0.016256898301623392
ternary,10.700000000000001,1,2,0.013832760519548725
ternary,10.75,1,2,0.01137769511107849
ternary,10.800000000000001,1,2,0.0089018426549874775
ternary,10.850000000000001,1,2,0.0064155840556207261
ternary,10.9,1,2,0.0039295008681238773
ternary,10.950000000000001,1,2,0.0014543285421622417
ternary,11,1,2,-0.00099909725199262469
ternary,11.050000000000001,1,2,-0.0034199008688185662
ternary,11.100000000000001,1,2,-0.0057972329676714944
ternary,11.15,1,2,-0.0081203420981949982
ternary,11.200000000000001,1,2,-0.010378650673025579
ternary,11.25,1,2,-0.012561834233007316
ternary,11.300000000000001,1,2,-0.014659902752669332
ternary,11.350000000000001,1,2,-0.016663282603172239
ternary,11.4,1,2,-0.018562897693365735
ternary,11.450000000000001,1,2,-0.020350248253085602
ternary,11.5,1,2,-0.022017485711044081
ternary,11.550000000000001,1,2,-0.023557482155524622
ternary,11.600000000000001,1,2,-0.024963892950392252
ternary,11.65,1,2,-0.026231211210266479
ternary,11.700000000000001,1,2,-0.02735481301337352
ternary,11.75,1,2,-0.02833099244276667
ternary,11.800000000000001,1,2,-0.029156985788568551
ternary,11.850000000000001,1,2,-0.029830984506453662
ternary,11.9,1,2,-0.030352136800610861
ternary,11.950000000000001,1,2,-0.03072053797233941
ternary,12,1,2,-0.03093720993788723
ternary,12.050000000000001,1,2,-0.031004070561524499
ternary,12.100000000000001,1,2,-0.030923893663816072
ternary,12.15,1,2,-0.030700260743915801
ternary,12.200000000000001,1,2,-0.030337505593690153
ternary,12.25,1,2,-0.029840653077880485
ternary,12.300000000000001,1,2,-0.029215353407685132
ternary,12.350000000000001,1,2,-0.028467813246365423
ternary,12.4,1,2,-0.027604724957723134
ternary,12.450000000000001,1,2,-0.026633195245913184
ternary,12.5,1,2,-0.025560674343411902
ternary,12.550000000000001,1,2,-0.024394886789058361
ternary,12.600000000000001,1,2,-0.023143764706203017
ternary,12.65,1,2,-0.021815384348334205
ternary,12.700000000000001,1,2,-0.020417906531968965
ternary,12.75,1,2,-0.018959521429367521
ternary,12.800000000000001,1,2,-0.017448398051305752
ternary,12.850000000000001,1,2,-0.015892638616444583
ternary,12.9,1,2,-0.014300237881620223
ternary,12.950000000000001,1,2,-0.012679047398670268
ternary,13,1,2,-0.011036744569428377
ternary,13.050000000000001,1,2,-0.0093808062917928661
ternary,13.100000000000001,1,2,-0.0077184869262335067
ternary,13.15,1,2,-0.0060568002631792503
ternary,13.200000000000001,1,2,-0.004402505136509474
ternary,13.25,1,2,-0.0027620943056553284
ternary,13.300000000000001,1,2,-0.0011417862172486673
ternary,13.350000000000001,1,2,0.00045248074459061644
ternary,13.4,1,2,0.0020150519038184965
ternary,13.450000000000001,1,2,0.0035405582050700795
ternary,13.5,1,2,0.0050239167456175796
ternary,13.550000000000001,1,2,0.006460330255749441
ternary,13.600000000000001,1,2,0.0078452858300576064
ternary,13.65,1,2,0.0091745531831414588
ternary,13.700000000000001,1,2,0.010444182672625271
ternary,13.75,1,2,0.011650503300796405
ternary,13.800000000000001,1,2,0.012790120874130702
ternary,13.850000000000001,1,2,0.013859916467898725
ternary,13.9,1,2,0.014857045311284258
ternary,13.950000000000001,1,2,0.01577893617725384
ternary,14,1,2,0.016623291331009902
ternary,14.050000000000001,1,2,0.017388087061417517
ternary,14.100000000000001,1,2,0.018071574791466871
ternary,14.15,1,2,0.018672282736777662
ternary,14.200000000000001,1,2,0.019189018055513013
ternary,14.25,1,2,0.019620869409022735
ternary,14.300000000000001,1,2,0.019967209830263129
ternary,14.350000000000001,1,2,0.020227699776753993
ternary,14.4,1,2,0.020402290226771629
ternary,14.450000000000001,1,2,0.020491225661893552
ternary,14.5,1,2,0.02049504676618584
ternary,14.550000000000001,1,2,0.02041459266254016
ternary,14.600000000000001,1,2,0.020251002500209444
ternary,14.65,1,2,0.020005716204729469
ternary,14.700000000000001,1,2,0.019680474202389411
ternary,14.75,1,2,0.019277315936426155
ternary,14.800000000000001,1,2,0.018798577001299908
ternary,14.850000000000001,1,2,0.018246884734825761
ternary,14.9,1,2,0.017625152125549853
ternary,14.950000000000001,1,2,0.016936569914439918
ternary,15,1,2,0.016184596795451062
ternary,15.050000000000001,1,2,0.015372947648461715
ternary,15.100000000000001,1,2,0.014505579769957611
ternary,15.15,1,2,0.013586677101064941
ternary,15.200000000000001,1,2,0.012620632488382445
ternary,15.25,1,2,0.011612028049729415
ternary,15.300000000000001,1,2,0.010565613753535355
ternary,15.350000000000001,1,2,0.0094862843562328845
ternary,15.4,1,2,0.0083790548757386469
ternary,15.450000000000001,1,2,0.0072490348100138881
ternary,15.5,1,2,0.0061014013369196278
ternary,15.550000000000001,1,2,0.0049413717543516904
ternary,15.600000000000001,1,2,0.0037741754373044668
ternary,15.65,1,2,0.0026050256005504748
ternary,15.700000000000001,1,2,0.0014390911616979651
ternary,15.75,1,2,0.00028146899932899309
ternary,15.800000000000001,1,2,-0.00086284310525278345
ternary,15.850000000000001,1,2,-0.0019889725662086848
ternary,15.9,1,2,-0.003092196872426302
ternary,15.950000000000001,1,2,-0.0041679670115613828
ternary,16,1,2,-0.0052119292294174665
ternary,16.050000000000001,1,2,-0.0062199449455652561
ternary,16.100000000000001,1,2,-0.0071881086790591738
ternary,16.150000000000002,1,2,-0.0081127638727649318
ternary,16.199999999999999,1,2,-0.0089905165402297954
ternary,16.25,1,2,-0.0098182466943047258
ternary,16.300000000000001,1,2,-0.0105931175510054
ternary,16.350000000000001,1,2,-0.011312582534601236
ternary,16.400000000000002,1,2,-0.011974390139967317
ternary,16.449999999999999,1,2,-0.012576586735261221
ternary,16.5,1,2,-0.013117517411555231
ternary,16.550000000000001,1,2,-0.013595825005850435
ternary,16.600000000000001,1,2,-0.014010447439743515
ternary,16.650000000000002,1,2,-0.014360613527839426
ternary,16.699999999999999,1,2,-0.014645837417857188
ternary,16.75,1,2,-0.014865911828406304
ternary,16.800000000000001,1,2,-0.015020900250844684
ternary,16.850000000000001,1,2,-0.01511112827876791
ternary,16.900000000000002,1,2,-0.015137174222867511
ternary,16.949999999999999,1,2,-0.01509985916051817
ternary,17,1,2,-0.015000236558915357
ternary,17.050000000000001,1,2,-0.014839581598292429
ternary,17.100000000000001,1,2,-0.014619380308110188
ternary,17.150000000000002,1,2,-0.014341318614520421
ternary,17.199999999999999,1,2,-0.014007271382230702
ternary,17.25,1,2,-0.013619291518482341
ternary,17.300000000000001,1,2,-0.013179599191512507
ternary,17.350000000000001,1,2,-0.012690571200881962
ternary,17.400000000000002,1,2,-0.012154730522665275
ternary,17.449999999999999,1,2,-0.011574736038933019
ternary,17.5,1,2,-0.010953372448394786
ternary,17.550000000000001,1,2,-0.010293540343676213
ternary,17.600000000000001,1,2,-0.0095982464306062186
ternary,17.650000000000002,1,2,-0.008870593856204239
ternary,17.699999999999999,1,2,-0.0081137726048728306
ternary,17.75,1,2,-0.007331049916690661
ternary,17.800000000000001,1,2,-0.0065257606777252468
ternary,17.850000000000001,1,2,-0.005701297729979269
ternary,17.900000000000002,1,2,-0.0048611020479846648
ternary,17.949999999999999,1,2,-0.0040086527301690265
ternary,18,1,2,-0.003147456755938065
ternary,18.050000000000001,1,2,-0.0022810384639269593
ternary,18.100000000000001,1,2,-0.0014129287130224748
ternary,18.150000000000002,1,2,-0.00054665369549306442
ternary,18.199999999999999,1,2,0.00031427661921256739
ternary,18.25,1,2,0.0011663804208382094
ternary,18.300000000000001,1,2,0.0020062163738746703
ternary,18.350000000000001,1,2,0.0028303962984319096
ternary,18.400000000000002,1,2,0.003635598188847258
ternary,18.449999999999999,1,2,0.004418579528144658
ternary,18.5,1,2,0.0051761908418397704
ternary,18.550000000000001,1,2,0.0059053894199604636
ternary,18.600000000000001,1,2,0.0066032531218586463
ternary,18.650000000000002,1,2,0.0072669941647738314
ternary,18.699999999999999,1,2,0.0078939727845464807
ternary,18.75,1,2,0.0084817106457340426
ternary,18.800000000000001,1,2,0.0090279038690205052
ternary,18.850000000000001,1,2,0.0095304355365743651
ternary,18.900000000000002,1,2,0.0099873875312135509
ternary,18.949999999999999,1,2,0.010397051563146976
ternary,19,1,2,0.010757939238896062
ternary,19.050000000000001,1,2,0.011068791030897234
ternary,19.100000000000001,1,2,0.011328584013320923
ternary,19.150000000000002,1,2,0.011536538239791167
ternary,19.200000000000003,1,2,0.01169212165185065
ternary,19.25,1,2,0.011795053422988788
ternary,19.300000000000001,1,2,0.011845305661548304
ternary,19.350000000000001,1,2,0.011843103416479057
ternary,19.400000000000002,1,2,0.011788922952272716
ternary,19.450000000000003,1,2,0.011683488282981181
ternary,19.5,1,2,0.011527765979446172
ternary,19.550000000000001,1,2,0.011322958288167271
ternary,19.600000000000001,1,2,0.011070494624024376
ternary,19.650000000000002,1,2,0.01077202152177264
ternary,19.700000000000003,1,2,0.010429391152300958
ternary,19.75,1,2,0.010044648528594493
ternary,19.800000000000001,1,2,0.0096200175427414818
ternary,19.850000000000001,1,2,0.0091578859888284108
ternary,19.900000000000002,1,2,0.0086607897369168994
ternary,19.950000000000003,1,2,0.0081313962303331197
ternary,20,1,2,0.0075724874821624854
ternary,20.050000000000001,1,2,0.0069869427471642631
ternary,20.100000000000001,1,2,0.0063777210424333037
ternary,20.150000000000002,1,2,0.005747843684243051
ternary,20.200000000000003,1,2,0.0051003769998966466
ternary,20.25,1,2,0.0044384153624229946
ternary,20.300000000000001,1,2,0.0037650646829720984
ternary,20.350000000000001,1,2,0.0030834264812031249
ternary,20.400000000000002,1,2,0.0023965826382376992
ternary,20.450000000000003,1,2,0.0017075809203102494
ternary,20.5,1,2,0.0010194213444838054
ternary,20.550000000000001,1,2,0.0003350434411147653
ternary,20.600000000000001,1,2,-0.00034268554851195663
ternary,20.650000000000002,1,2,-0.0010109815164774712
ternary,20.700000000000003,1,2,-0.001667153366068485
ternary,20.75,1,2,-0.0023086119280703392
ternary,20.800000000000001,1,2,-0.0029328779323206534
ternary,20.850000000000001,1,2,-0.003537589061719405
ternary,20.900000000000002,1,2,-0.0041205061246932543
ternary,20.950000000000003,1,2,-0.0046795183892978679
ternary,21,1,2,-0.0052126481277176848
ternary,21.050000000000001,1,2,-0.0057180544239318837
ternary,21.100000000000001,1,2,-0.0061940362998228722
ternary,21.150000000000002,1,2,-0.0066390352161053798
ternary,21.200000000000003,1,2,-0.0070516370042574489
ternary,21.25,1,2,-0.0074305732842625538
ternary,21.300000000000001,1,2,-0.007774722420559447
ternary,21.350000000000001,1,2,-0.0080831100652746426
ternary,21.400000000000002,1,2,-0.0083549093337292758
ternary,21.450000000000003,1,2,-0.0085894406524963524
ternary,21.5,1,2,-0.0087861713150820323
ternary,21.550000000000001,1,2,-0.0089447147747408213
ternary,21.600000000000001,1,2,-0.0090648296981394854
ternary,21.650000000000002,1,2,-0.0091464187976807877
ternary,21.700000000000003,1,2,-0.0091895274543973993
ternary,21.75,1,2,-0.0091943421375419096
ternary,21.800000000000001,1,2,-0.0091611886214305101
ternary,21.850000000000001,1,2,-0.0090905299948439745
ternary,21.900000000000002,1,2,-0.0089829644534398772
ternary,21.950000000000003,1,2,-0.0088392228612692112
ternary,22,1,2,-0.0086601660636964582
ternary,22.050000000000001,1,2,-0.008446781930866492
ternary,22.100000000000001,1,2,-0.0082001821084082202
ternary,22.150000000000002,1,2,-0.0079215984503703766
ternary,22.200000000000003,1,2,-0.0076123791084964617
ternary,22.25,1,2,-0.0072739842519021049
ternary,22.300000000000001,1,2,-0.0069079813920443619
ternary,22.350000000000001,1,2,-0.0065160402895844665
ternary,22.400000000000002,1,2,-0.0060999274223422096
ternary,22.450000000000003,1,2,-0.0056614999970077814
ternary,22.5,1,2,-0.0052026994915848317
ternary,22.550000000000001,1,2,-0.004725544720635971
ternary,22.600000000000001,1,2,-0.0042321244212278125
ternary,22.650000000000002,1,2,-0.003724589363934501
ternary,22.700000000000003,1,2,-0.0032051440002639903
ternary,22.75,1,2,-0.0026760376652907973
ternary,22.800000000000001,1,2,-0.0021395553619828014
ternary,22.850000000000001,1,2,-0.0015980081615486613
ternary,22.900000000000002,1,2,-0.0010537232619392449
ternary,22.950000000000003,1,2,-0.0005090337542536168
ternary,23,1,2,3.3731845957295384e-05
ternary,23.050000000000001,1,2,0.00057226023879025298
ternary,23.100000000000001,1,2,0.0011042640817990343
ternary,23.150000000000002,1,2,0.0016274927586914499
ternary,23.200000000000003,1,2,0.0021397430959732215
ternary,23.25,1,2,0.0026388699456152249
ternary,23.300000000000001,1,2,0.0031227965500716008
ternary,23.350000000000001,1,2,0.0035895246055383202
ternary,23.400000000000002,1,2,0.0040371439402556606
ternary,23.450000000000003,1,2,0.0044638417269367197
ternary,23.5,1,2,0.0048679111520238535
ternary,23.550000000000001,1,2,0.0052477594693829399
ternary,23.600000000000001,1,2,0.0056019153721509072
ternary,23.650000000000002,1,2,0.0059290356236397449
ternary,23.700000000000003,1,2,0.0062279108963249619
ternary,23.75,1,2,0.0064974707768400688
ternary,23.800000000000001,1,2,0.006736787904379672
ternary,23.850000000000001,1,2,0.0069450812197801876
ternary,23.900000000000002,1,2,0.0071217183126024023
ternary,23.950000000000003,1,2,0.0072662168635731685
ternary,24,1,2,0.0073782451895627295
ternary,24.050000000000001,1,2,0.0074576219076877464
ternary,24.100000000000001,1,2,0.0075043147439682297
ternary,24.150000000000002,1,2,0.007518438520077728
ternary,24.200000000000003,1,2,0.0075002523589816203
ternary,24.25,1,2,0.0074501561565565146
ternary,24.300000000000001,1,2,0.0073686863715497174
ternary,24.350000000000001,1,2,0.0072565111904250882
ternary,24.400000000000002,1,2,0.0071144251267312338
ternary,24.450000000000003,1,2,0.0069433431166279801
ternary,24.5,1,2,0.0067442941731493981
ternary,24.550000000000001,1,2,0.0065184146617211017
ternary,24.600000000000001,1,2,0.0062669412584596173
ternary,24.650000000000002,1,2,0.0059912036509519083
ternary,24.700000000000003,1,2,0.0056926170386455092
ternary,24.75,1,2,0.0053726744867855104
ternary,24.800000000000001,1,2,0.0050329391841285416
ternary,24.850000000000001,1,2,0.0046750366505678128
ternary,24.900000000000002,1,2,0.0043006469364293282
ternary,24.950000000000003,1,2,0.0039114968506690937
ternary,25,1,2,0.0035093522506162772
ternary,25.050000000000001,1,2,0.0030960104213727129
ternary,25.100000000000001,1,2,0.0026732925685875727
ternary,25.150000000000002,1,2,0.0022430364441534843
ternary,25.200000000000003,1,2,0.001807089120496442
ternary,25.25,1,2,0.0013672999256061716
ternary,25.300000000000001,1,2,0.00092551354783203276
ternary,25.350000000000001,1,2,0.00048356331678262986
ternary,25.400000000000002,1,2,4.3264664442807087e-05
ternary,25.450000000000003,1,2,-0.00039359123112630369
ternary,25.5,1,2,-0.00082524361840790694
ternary,25.550000000000001,1,2,-0.0012499681610680447
ternary,25.600000000000001,1,2,-0.0016660827426445105
ternary,25.650000000000002,1,2,-0.0020719530872163137
ternary,25.700000000000003,1,2,-0.0024659981954753664
ternary,25.75,1,2,-0.0028466955947434353
ternary,25.800000000000001,1,2,-0.0032125864002738474
ternary,25.850000000000001,1,2,-0.0035622801836947479
ternary,25.900000000000002,1,2,-0.0038944596427443624
ternary,25.950000000000003,1,2,-0.004207885064574317
ternary,26,1,2,-0.004501398572914238
ternary,26.050000000000001,1,2,-0.0047739281473641107
ternary,26.100000000000001,1,2,-0.005024491401069313
ternary,26.150000000000002,1,2,-0.0052521991011070298
ternary,26.200000000000003,1,2,-0.0054562584141279449
ternary,26.25,1,2,-0.0056359758582221258
ternary,26.300000000000001,1,2,-0.0057907599406676084
ternary,26.350000000000001,1,2,-0.005920123460230145
ternary,26.400000000000002,1,2,-0.0060236854520654441
ternary,26.450000000000003,1,2,-0.0061011727530703589
ternary,26.5,1,2,-0.0061524211657778896
ternary,26.550000000000001,1,2,-0.006177376199616778
ternary,26.600000000000001,1,2,-0.0061760933695806861
ternary,26.650000000000002,1,2,-0.0061487380340811424
ternary,26.700000000000003,1,2,-0.0060955847559903938
ternary,26.75,1,2,-0.006017016173600306
ternary,26.800000000000001,1,2,-0.0059135213714054686
ternary,26.850000000000001,1,2,-0.0057856937442253798
ternary,26.900000000000002,1,2,-0.0056342283521624483
ternary,26.950000000000003,1,2,-0.0054599187681912461
ternary,27,1,2,-0.0052636534247208116
ternary,27.050000000000001,1,2,-0.0050464114701888312
ternary,27.100000000000001,1,2,-0.0048092581515520507
ternary,27.150000000000002,1,2,-0.0045533397433425941
ternary,27.200000000000003,1,2,-0.004279878048675502
ternary,27.25,1,2,-0.0039901645021290563
ternary,27.300000000000001,1,2,-0.0036855539086859635
ternary,27.350000000000001,1,2,-0.0033674578568404505
ternary,27.400000000000002,1,2,-0.0030373378474609063
ternary,27.450000000000003,1,2,-0.0026966981829881385
ternary,27.5,1,2,-0.0023470786639812422
ternary,27.550000000000001,1,2,-0.0019900471418543468
ternary,27.600000000000001,1,2,-0.0016271919778453412
ternary,27.650000000000002,1,2,-0.0012601144587989757
ternary,27.700000000000003,1,2,-0.00089042122023416735
ternary,27.75,1,2,-0.00051971672640077063
ternary,27.800000000000001,1,2,-0.00014959585564498919
ternary,27.850000000000001,1,2,0.00021836336257322368
ternary,27.900000000000002,1,2,0.00058260681518200691
ternary,27.950000000000003,1,2,0.00094161113668506319
ternary,28,1,2,0.0012938902666109915
ternary,28.050000000000001,1,2,0.0016380016995493887
ternary,28.100000000000001,1,2,0.0019725523981105513
ternary,28.150000000000002,1,2,0.0022962043433383413
ternary,28.200000000000003,1,2,0.0026076797013996891
ternary,28.25,1,2,0.0029057655896890288
ternary,28.300000000000001,1,2,0.003189318429747881
ternary,28.350000000000001,1,2,0.003457267878535706
ternary,28.400000000000002,1,2,0.0037086203335361251
ternary,28.450000000000003,1,2,0.0039424620108846403
ternary,28.5,1,2,0.0041579615991118408
ternary,28.550000000000001,1,2,0.0043543724941721967
ternary,28.600000000000001,1,2,0.0045310346241396833
ternary,28.650000000000002,1,2,0.0046873758742814976
ternary,28.700000000000003,1,2,0.0048229131251535315
ternary,28.75,1,2,0.0049372529178978979
ternary,28.800000000000001,1,2,0.0050300917620664225
ternary,28.850000000000001,1,2,0.0051012161020582269
ternary,28.900000000000002,1,2,0.0051505019586659921
ternary,28.950000000000003,1,2,0.0051779142622969589
ternary,29,1,2,0.0051835058942054655
ternary,29.050000000000001,1,2,0.0051674164515761525
ternary,29.100000000000001,1,2,0.0051298707515708437
ternary,29.150000000000002,1,2,0.005071177088537296
ternary,29.200000000000003,1,2,0.0049917252575170119
ternary,29.25,1,2,0.0048919843560245669
ternary,29.300000000000001,1,2,0.004772500374845925
ternary,29.350000000000001,1,2,0.004633893587359275
ternary,29.400000000000002,1,2,0.0044768557456605837
ternary,29.450000000000003,1,2,0.0043021470906157598
ternary,29.5,1,2,0.0041105931818991226
ternary,29.550000000000001,1,2,0.0039030815531467611
ternary,29.600000000000001,1,2,0.003680558196584637
ternary,29.650000000000002,1,2,0.0034440238809105941
ternary,29.700000000000003,1,2,0.0031945303058403601
ternary,29.75,1,2,0.0029331760965881273
ternary,29.800000000000001,1,2,0.0026611026416548437
ternary,29.850000000000001,1,2,0.0023794897776533925
ternary,29.900000000000002,1,2,0.0020895513255080387
ternary,29.950000000000003,1,2,0.0017925304832297794
ternary,30,1,2,0.0014896950815763707
ternary,0,2,2,0.31445609610611547
ternary,0.050000000000000003,2,2,0.31453829335718186
ternary,0.10000000000000001,2,2,0.31478504559393378
ternary,0.15000000000000002,2,2,0.31519683405909071
ternary,0.20000000000000001,2,2,0.31577446286895183
ternary,0.25,2,2,0.3165190611951989
ternary,0.30000000000000004,2,2,0.31743208697273206
ternary,0.35000000000000003,2,2,0.3185153314515457
ternary,0.40000000000000002,2,2,0.31977092483912545
ternary,0.45000000000000001,2,2,0.32120134298105563
ternary,0.5,2,2,0.32280941510626837
ternary,0.55000000000000004,2,2,0.32459833264281418
ternary,0.60000000000000009,2,2,0.32657165912003971
ternary,0.65000000000000002,2,2,0.3287333411657436
ternary,0.70000000000000007,2,2,0.33108772060961128
ternary,0.75,2,2,0.33363954769850102
ternary,0.80000000000000004,2,2,0.33639399542706749
ternary,0.85000000000000009,2,2,0.3393566749809368
ternary,0.90000000000000002,2,2,0.3425336522820332
ternary,0.95000000000000007,2,2,0.34593146561651023
ternary,1,2,2,0.34955714431283086
ternary,1.05,2,2,0.3534182284223788
ternary,1.1000000000000001,2,2,0.35752278933518922
ternary,1.1500000000000001,2,2,0.36187945123976051
ternary,1.2000000000000002,2,2,0.3664974133063153
ternary,1.25,2,2,0.37138647243738404
ternary,1.3,2,2,0.37655704638615789
ternary,1.3500000000000001,2,2,0.38202019699135586
ternary,1.4000000000000001,2,2,0.38778765321469888
ternary,1.4500000000000002,2,2,0.39387183359294503
ternary,1.5,2,2,0.40028586762775681
ternary,1.55,2,2,0.40704361553202795
ternary,1.6000000000000001,2,2,0.41415968562755689
ternary,1.6500000000000001,2,2,0.42164944854370023
ternary,1.7000000000000002,2,2,0.42952904719651064
ternary,1.75,2,2,0.43781540132967395
ternary,1.8,2,2,0.44652620516863906
ternary,1.8500000000000001,2,2,0.45567991647403588
ternary,1.9000000000000001,2,2,0.46529573497617638
ternary,1.9500000000000002,2,2,0.47539356782559611
ternary,2,2,2,0.4859939793024336
ternary,2.0500000000000003,2,2,0.49711812158788632
ternary,2.1000000000000001,2,2,0.50878764291364875
ternary,2.1499999999999999,2,2,0.52102456887187087
ternary,2.2000000000000002,2,2,0.53385115209392275
ternary,2.25,2,2,0.5472896849006621
ternary,2.3000000000000003,2,2,0.56136226890574248
ternary,2.3500000000000001,2,2,0.57609053494063345
ternary,2.4000000000000004,2,2,0.5914953060997773
ternary,2.4500000000000002,2,2,0.60759619622419059
ternary,2.5,2,2,0.62441113581573526
ternary,2.5500000000000003,2,2,0.64195581728556395
ternary,2.6000000000000001,2,2,0.66024305169497643
ternary,2.6500000000000004,2,2,0.6792820298765323
ternary,2.7000000000000002,2,2,0.69907748218580701
ternary,2.75,2,2,0.71962873331373134
ternary,2.8000000000000003,2,2,0.74092865179174827
ternary,2.8500000000000001,2,2,0.76296249826508133
ternary,2.9000000000000004,2,2,0.78570668250712361
ternary,2.9500000000000002,2,2,0.80912744668440018
ternary,3,2,2,0.83317950167425481
ternary,3.0500000000000003,2,2,0.85780465428825026
ternary,3.1000000000000001,2,2,0.88293047588854634
ternary,3.1500000000000004,2,2,0.90846907668068588
ternary,3.2000000000000002,2,2,0.9343160641837841
ternary,3.25,2,2,0.96034977789585074
ternary,3.3000000000000003,2,2,0.98643090344873907
ternary,3.3500000000000001,2,2,1.0124025766433595
ternary,3.4000000000000004,2,2,1.0380910884211907
ternary,3.4500000000000002,2,2,1.0633072936965757
ternary,3.5,2,2,1.0878488078728945
ternary,3.5500000000000003,2,2,1.1115030432336221
ternary,3.6000000000000001,2,2,1.1340510927812013
ternary,3.6500000000000004,2,2,1.1552724126334419
ternary,3.7000000000000002,2,2,1.1749501888948077
ternary,3.75,2,2,1.192877206220099
ternary,3.8000000000000003,2,2,1.2088619701657313
ternary,3.8500000000000001,2,2,1.2227347821352004
ternary,3.9000000000000004,2,2,1.2343534325746919
ternary,3.9500000000000002,2,2,1.2436081720022216
ternary,4,2,2,1.2504256445955757
ternary,4.0499999999999998,2,2,1.2547715256199667
ternary,4.1000000000000005,2,2,1.2566516877019689
ternary,4.1500000000000004,2,2,1.2561118234903419
ternary,4.2000000000000002,2,2,1.2532355622755547
ternary,4.25,2,2,1.2481412232047231
ternary,4.2999999999999998,2,2,1.240977436253863
ternary,4.3500000000000005,2,2,1.2319179252535732
ternary,4.4000000000000004,2,2,1.2211557801096238
ternary,4.4500000000000002,2,2,1.2088975473819137
ternary,4.5,2,2,1.1953574429979124
ternary,4.5499999999999998,2,2,1.1807519443944643
ternary,4.6000000000000005,2,2,1.165294959645514
ternary,4.6500000000000004,2,2,1.1491937061340487
ternary,4.7000000000000002,2,2,1.1326453680879776
ternary,4.75,2,2,1.1158345461613779
ternary,4.8000000000000007,2,2,1.0989314665735408
ternary,4.8500000000000005,2,2,1.0820908835935992
ternary,4.9000000000000004,2,2,1.0654515872839558
ternary,4.9500000000000002,2,2,1.0491364171740594
ternary,5,2,2,1.0332526800479638
ternary,5.0500000000000007,2,2,1.0178928741547821
ternary,5.1000000000000005,2,2,1.0031356307947514
ternary,5.1500000000000004,2,2,0.98904679554141806
ternary,5.2000000000000002,2,2,0.97568058382414302
ternary,5.25,2,2,0.96308075808064519
ternary,5.3000000000000007,2,2,0.95128178541582786
ternary,5.3500000000000005,2,2,0.94030994519255806
ternary,5.4000000000000004,2,2,0.93018436499470514
ternary,5.4500000000000002,2,2,0.9209179708826174
ternary,5.5,2,2,0.91251834386742203
ternary,5.5500000000000007,2,2,0.904988479199341
ternary,5.6000000000000005,2,2,0.89832744857182922
ternary,5.6500000000000004,2,2,0.89253096787667863
ternary,5.7000000000000002,2,2,0.88759187489039015
ternary,5.75,2,2,0.88350052240005339
ternary,5.8000000000000007,2,2,0.8802450929388379
ternary,5.8500000000000005,2,2,0.87781184162635995
ternary,5.9000000000000004,2,2,0.87618527370530108
ternary,5.9500000000000002,2,2,0.87534826332020732
ternary,6,2,2,0.87528211996680716
ternary,6.0500000000000007,2,2,0.87596660890406219
ternary,6.1000000000000005,2,2,0.87737993170650863
ternary,6.1500000000000004,2,2,0.87949867306949103
ternary,6.2000000000000002,2,2,0.88229771998257944
ternary,6.25,2,2,0.88575015946556335
ternary,6.3000000000000007,2,2,0.88982716121716077
ternary,6.3500000000000005,2,2,0.89449785175113872
ternary,6.4000000000000004,2,2,0.89972918687215353
ternary,6.4500000000000002,2,2,0.90548582965069002
ternary,6.5,2,2,0.91173004136178548
ternary,6.5500000000000007,2,2,0.91842159311719995
ternary,6.6000000000000005,2,2,0.92551770610023421
ternary,6.6500000000000004,2,2,0.93297302835617868
ternary,6.7000000000000002,2,2,0.94073965594579123
ternary,6.75,2,2,0.94876720588034225
ternary,6.8000000000000007,2,2,0.95700294757399551
ternary,6.8500000000000005,2,2,0.96539199852980395
ternary,6.9000000000000004,2,2,0.9738775885895945
ternary,6.9500000000000002,2,2,0.98240139531398973
ternary,7,2,2,0.99090395092891614
ternary,7.0500000000000007,2,2,0.99932511881921393
ternary,7.1000000000000005,2,2,1.0076046348393086
ternary,7.1500000000000004,2,2,1.0156827058476487
ternary,7.2000000000000002,2,2,1.0235006549872399
ternary,7.25,2,2,1.0310016004842051
ternary,7.3000000000000007,2,2,1.0381311522896532
ternary,7.3500000000000005,2,2,1.0448381089196925
ternary,7.4000000000000004,2,2,1.0510751355152654
ternary,7.4500000000000002,2,2,1.0567994035820618
ternary,7.5,2,2,1.0619731731746864
ternary,7.5500000000000007,2,2,1.0665642994991673
ternary,7.6000000000000005,2,2,1.0705466480037289
ternary,7.6500000000000004,2,2,1.0739004049263172
ternary,7.7000000000000002,2,2,1.0766122738259984
ternary,7.75,2,2,1.0786755526517784
ternary,7.8000000000000007,2,2,1.0800900901696158
ternary,7.8500000000000005,2,2,1.0808621248333212
ternary,7.9000000000000004,2,2,1.0810040132085605
ternary,7.9500000000000002,2,2,1.0805338586255127
ternary,8,2,2,1.079475053668983
ternary,8.0500000000000007,2,2,1.0778557522906747
ternary,8.0999999999999996,2,2,1.0757082886808207
ternary,8.1500000000000004,2,2,1.0730685605579042
ternary,8.2000000000000011,2,2,1.0699753942719938
ternary,8.25,2,2,1.0664699081601328
ternary,8.3000000000000007,2,2,1.0625948890647929
ternary,8.3499999999999996,2,2,1.058394194971612
ternary,8.4000000000000004,2,2,1.0539121944900225
ternary,8.4500000000000011,2,2,1.0491932515344846
ternary,8.5,2,2,1.0442812611951899
ternary,8.5500000000000007,2,2,1.0392192405250644
ternary,8.5999999999999996,2,2,1.0340489759001361
ternary,8.6500000000000004,2,2,1.0288107267929707
ternary,8.7000000000000011,2,2,1.0235429842698263
ternary,8.75,2,2,1.0182822812956072
ternary,8.8000000000000007,2,2,1.0130630510028125
ternary,8.8499999999999996,2,2,1.0079175284336457
ternary,8.9000000000000004,2,2,1.0028756908705814
ternary,8.9500000000000011,2,2,0.99796523169620732
ternary,9,2,2,0.9932115627314263
ternary,9.0500000000000007,2,2,0.98863784015539113
ternary,9.0999999999999996,2,2,0.98426500937588346
ternary,9.1500000000000004,2,2,0.98011186456350574
ternary,9.2000000000000011,2,2,0.9761951189593886
ternary,9.25,2,2,0.97252948249082827
ternary,9.3000000000000007,2,2,0.96912774366357979
ternary,9.3499999999999996,2,2,0.96600085312891515
ternary,9.4000000000000004,2,2,0.96315800673722363
ternary,9.4500000000000011,2,2,0.96060672628061461
ternary,9.5,2,2,0.95835293649007514
ternary,9.5500000000000007,2,2,0.95640103718603686
ternary,9.6000000000000014,2,2,0.95475396978426008
ternary,9.6500000000000004,2,2,0.95341327763264982
ternary,9.7000000000000011,2,2,0.95237915990076272
ternary,9.75,2,2,0.95165051896478881
ternary,9.8000000000000007,2,2,0.95122500142935407
ternary,9.8500000000000014,2,2,0.95109903310634247
ternary,9.9000000000000004,2,2,0.95126784843263235
ternary,9.9500000000000011,2,2,0.9517255149554783
ternary,10,2,2,0.95246495364805162
ternary,10.050000000000001,2,2,0.95347795593962859
ternary,10.100000000000001,2,2,0.95475519845580337
ternary,10.15,2,2,0.95628625656383615
ternary,10.200000000000001,2,2,0.95805961790613325
ternary,10.25,2,2,0.96006269717948201
ternary,10.300000000000001,2,2,0.96228185347693262
ternary,10.350000000000001,2,2,0.96470241155038272
ternary,10.4,2,2,0.96730868837174089
ternary,10.450000000000001,2,2,0.97008402636532243
ternary,10.5,2,2,0.97301083464991978
ternary,10.550000000000001,2,2,0.97607063956187867
ternary,10.600000000000001,2,2,0.97924414562669715
ternary,10.65,2,2,0.98251130800296205
ternary,10.700000000000001,2,2,0.98585141723648095
ternary,10.75,2,2,0.98924319693300411
ternary,10.800000000000001,2,2,0.99266491468538665
ternary,10.850000000000001,2,2,0.9960945062775296
ternary,10.9,2,2,0.99950971283732926
ternary,10.950000000000001,2,2,1.0028882302307642
ternary,11,2,2,1.0062078695881758
ternary,11.050000000000001,2,2,1.009446727443104
ternary,11.100000000000001,2,2,1.0125833635571684
ternary,11.15,2,2,1.0155969841165708
ternary,11.200000000000001,2,2,1.0184676276331115
ternary,11.25,2,2,1.021176350581767
ternary,11.300000000000001,2,2,1.0237054095740261
ternary,11.350000000000001,2,2,1.0260384367159117
ternary,11.4,2,2,1.0281606047441967
ternary,11.450000000000001,2,2,1.0300587785824853
ternary,11.5,2,2,1.0317216501152413
ternary,11.550000000000001,2,2,1.0331398532423055
ternary,11.600000000000001,2,2,1.0343060566437203
ternary,11.65,2,2,1.0352150321443767
ternary,11.700000000000001,2,2,1.0358636971050494
ternary,11.75,2,2,1.0362511298615489
ternary,11.800000000000001,2,2,1.0363785578647708
ternary,11.850000000000001,2,2,1.0362493188171147
ternary,11.9,2,2,1.0358687957303878
ternary,11.950000000000001,2,2,1.0352443274229695
ternary,12,2,2,1.0343850965079109
ternary,12.050000000000001,2,2,1.0333019973803448
ternary,12.100000000000001,2,2,1.0320074870777367
ternary,12.15,2,2,1.0305154221506772
ternary,12.200000000000001,2,2,1.0288408848405879
ternary,12.25,2,2,1.0270000019144441
ternary,12.300000000000001,2,2,1.025009759460463
ternary,12.350000000000001,2,2,1.0228878168117779
ternary,12.4,2,2,1.0206523225495867
ternary,12.450000000000001,2,2,1.0183217352575882
ternary,12.5,2,2,1.0159146513713921
ternary,12.550000000000001,2,2,1.0134496421060637
ternary,12.600000000000001,2,2,1.0109451010676265
ternary,12.65,2,2,1.0084191037746042
ternary,12.700000000000001,2,2,1.0058892799462642
ternary,12.75,2,2,1.0033726990658114
ternary,12.800000000000001,2,2,1.0008857694077886
ternary,12.850000000000001,2,2,0.99844415043555612
ternary,12.9,2,2,0.99606267823086925
ternary,12.950000000000001,2,2,0.99375530341522689
ternary,13,2,2,0.99153504086198385
ternary,13.050000000000001,2,2,0.98941393037794279
ternary,13.100000000000001,2,2,0.98740300745081899
ternary,13.15,2,2,0.98551228311131922
ternary,13.200000000000001,2,2,0.98375073194171769
ternary,13.25,2,2,0.98212628727262741
ternary,13.300000000000001,2,2,0.98064584264179155
ternary,13.350000000000001,2,2,0.97931525863908475
ternary,13.4,2,2,0.97813937432637688
ternary,13.450000000000001,2,2,0.97712202249592239
ternary,13.5,2,2,0.97626604811302287
ternary,13.550000000000001,2,2,0.97557332937502195
ternary,13.600000000000001,2,2,0.97504480090658463
ternary,13.65,2,2,0.9746804786985438
ternary,13.700000000000001,2,2,0.97447948648252769
ternary,13.75,2,2,0.974440083314558
ternary,13.800000000000001,2,2,0.97455969221664762
ternary,13.850000000000001,2,2,0.97483492979507269
ternary,13.9,2,2,0.97526163681667344
ternary,13.950000000000001,2,2,0.97583490977960619
ternary,14,2,2,0.97654913356191786
ternary,14.050000000000001,2,2,0.97739801526973125
ternary,14.100000000000001,2,2,0.978374619436437
ternary,14.15,2,2,0.9794714047448283
ternary,14.200000000000001,2,2,0.98068026245545437
ternary,14.25,2,2,0.98199255672651542
ternary,14.300000000000001,2,2,0.98339916700340235
ternary,14.350000000000001,2,2,0.98489053263957593
ternary,14.4,2,2,0.98645669988514217
ternary,14.450000000000001,2,2,0.98808737134549129
ternary,14.5,2,2,0.98977195797029871
ternary,14.550000000000001,2,2,0.99149963358363036
ternary,14.600000000000001,2,2,0.99325939190972645
ternary,14.65,2,2,0.99504010598727988
ternary,14.700000000000001,2,2,0.99683058979889083
ternary,14.75,2,2,0.99861966187330309
ternary,14.800000000000001,2,2,1.0003962105475761
ternary,14.850000000000001,2,2,1.0021492605063094
ternary,14.9,2,2,1.0038680401472315
ternary,14.950000000000001,2,2,1.0055420492589127
ternary,15,2,2,1.0071611264389706
ternary,15.050000000000001,2,2,1.0087155156319174
ternary,15.100000000000001,2,2,1.0101959311265372
ternary,15.15,2,2,1.0115936203250919
ternary,15.200000000000001,2,2,1.0129004235821446
ternary,15.25,2,2,1.0141088304104602
ternary,15.300000000000001,2,2,1.0152120313660817
ternary,15.350000000000001,2,2,1.0162039649545624
ternary,15.4,2,2,1.0170793589453586
ternary,15.450000000000001,2,2,1.0178337655409426
ternary,15.5,2,2,1.0184635899202057
ternary,15.550000000000001,2,2,1.0189661117606523
ternary,15.600000000000001,2,2,1.0193394994388303
ternary,15.65,2,2,1.019582816711093
ternary,15.700000000000001,2,2,1.0196960217846369
ternary,15.75,2,2,1.0196799587990357
ternary,15.800000000000001,2,2,1.0195363418484522
ternary,15.850000000000001,2,2,1.0192677317815264
ternary,15.9,2,2,1.0188775061169877
ternary,15.950000000000001,2,2,1.0183698225058937
ternary,16,2,2,1.0177495762539044
ternary,16.050000000000001,2,2,1.0170223524874329
ternary,16.100000000000001,2,2,1.0161943736045251
ternary,16.150000000000002,2,2,1.0152724426940347
ternary,16.199999999999999,2,2,1.0142638836346725
ternary,16.25,2,2,1.0131764785988713
ternary,16.300000000000001,2,2,1.0120184036855655
ternary,16.350000000000001,2,2,1.0107981633918695
ternary,16.400000000000002,2,2,1.0095245246073505
ternary,16.449999999999999,2,2,1.0082064507777049
ternary,16.5,2,2,1.0068530368387234
ternary,16.550000000000001,2,2,1.0054734454683436
ternary,16.600000000000001,2,2,1.0040768451461282
ternary,16.650000000000002,2,2,1.002672350447547
ternary,16.699999999999999,2,2,1.0012689649367565
ternary,16.75,2,2,0.9998755269577958
ternary,16.800000000000001,2,2,0.99850065856180392
ternary,16.850000000000001,2,2,0.99715271774828984
ternary,16.900000000000002,2,2,0.99583975414281001
ternary,16.949999999999999,2,2,0.99456946818249969
ternary,17,2,2,0.99334917383549448
ternary,17.050000000000001,2,2,0.99218576484080157
ternary,17.100000000000001,2,2,0.99108568442195299
ternary,17.150000000000002,2,2,0.99005489840087757
ternary,17.199999999999999,2,2,0.98909887161779031
ternary,17.25,2,2,0.98822254754831007
ternary,17.300000000000001,2,2,0.98743033100016209
ternary,17.350000000000001,2,2,0.98672607376821442
ternary,17.400000000000002,2,2,0.98611306312777158
ternary,17.449999999999999,2,2,0.98559401305138483
ternary,17.5,2,2,0.98517105804332095
ternary,17.550000000000001,2,2,0.98484574949757742
ternary,17.600000000000001,2,2,0.98461905449929976
ternary,17.650000000000002,2,2,0.98449135700490631
ternary,17.699999999999999,2,2,0.98446246135249438
ternary,17.75,2,2,0.98453159807051693
ternary,17.800000000000001,2,2,0.98469743196858794
ternary,17.850000000000001,2,2,0.98495807250897427
ternary,17.900000000000002,2,2,0.98531108647026666
ternary,17.949999999999999,2,2,0.98575351292527857
ternary,18,2,2,0.98628188056291055
ternary,18.050000000000001,2,2,0.98689222738804783
ternary,18.100000000000001,2,2,0.98758012283410446
ternary,18.150000000000002,2,2,0.98834069231928401
ternary,18.199999999999999,2,2,0.98916864426968065
ternary,18.25,2,2,0.99005829961989422
ternary,18.300000000000001,2,2,0.99100362378475981
ternary,18.350000000000001,2,2,0.99199826107418632
ternary,18.400000000000002,2,2,0.99303557149713007
ternary,18.449999999999999,2,2,0.99410866987068935
ternary,18.5,2,2,0.9952104671166766
ternary,18.550000000000001,2,2,0.99633371359134593
ternary,18.600000000000001,2,2,0.99747104425498767
ternary,18.650000000000002,2,2,0.99861502544766123
ternary,18.699999999999999,2,2,0.99975820299640417
ternary,18.75,2,2,1.0008931513388777
ternary,18.800000000000001,2,2,1.0020125233097348
ternary,18.850000000000001,2,2,1.0031091002001646
ternary,18.900000000000002,2,2,1.0041758416693141
ternary,18.949999999999999,2,2,1.0052059350597047
ternary,19,2,2,1.0061928436485017
ternary,19.050000000000001,2,2,1.0071303533534617
ternary,19.100000000000001,2,2,1.0080126174074604
ternary,19.150000000000002,2,2,1.0088341985192815
ternary,19.200000000000003,2,2,1.0095901080512504
ternary,19.25,2,2,1.0102758417664912
ternary,19.300000000000001,2,2,1.0108874117299405
ternary,19.350000000000001,2,2,1.0114213739874143
ternary,19.400000000000002,2,2,1.0118748516953142
ternary,19.450000000000003,2,2,1.0122455534290626
ternary,19.5,2,2,1.0125317864599566
ternary,19.550000000000001,2,2,1.012732464856418
ternary,19.600000000000001,2,2,1.0128471123351599
ternary,19.650000000000002,2,2,1.0128758598589132
ternary,19.700000000000003,2,2,1.012819438048463
ternary,19.75,2,2,1.0126791645461262
ternary,19.800000000000001,2,2,1.0124569265339292
ternary,19.850000000000001,2,2,1.0121551586711008
ternary,19.900000000000002,2,2,1.0117768167708316
ternary,19.950000000000003,2,2,1.0113253475844011
ternary,20,2,2,1.0108046551009757
ternary,20.050000000000001,2,2,1.0102190638029214
ternary,20.100000000000001,2,2,1.0095732793391066
ternary,20.150000000000002,2,2,1.0088723470922727
ternary,20.200000000000003,2,2,1.008121609121303
ternary,20.25,2,2,1.0073266599555493
ternary,20.300000000000001,2,2,1.0064933017068858
ternary,20.350000000000001,2,2,1.0056274989466247
ternary,20.400000000000002,2,2,1.0047353337697706
ternary,20.450000000000003,2,2,1.0038229614393301
ternary,20.5,2,2,1.0028965669695675
ternary,20.550000000000001,2,2,1.001962322970307
ternary,20.600000000000001,2,2,1.0010263490356843
ternary,20.650000000000002,2,2,1.0000946729211599
ternary,20.700000000000003,2,2,0.9991731937130589
ternary,20.75,2,2,0.99826764715625715
ternary,20.800000000000001,2,2,0.99738357326863869
ternary,20.850000000000001,2,2,0.99652628633619111
ternary,20.900000000000002,2,2,0.99570084735063946
ternary,20.950000000000003,2,2,0.99491203892267988
ternary,21,2,2,0.99416434267844167
ternary,21.050000000000001,2,2,0.99346191912493109
ternary,21.100000000000001,2,2,0.99280858995192722
ternary,21.150000000000002,2,2,0.99220782272306063
ternary,21.200000000000003,2,2,0.99166271789750404
ternary,21.25,2,2,0.99117599811559964
ternary,21.300000000000001,2,2,0.99074999967664301
ternary,21.350000000000001,2,2,0.99038666613457649
ternary,21.400000000000002,2,2,0.99008754393724596
ternary,21.450000000000003,2,2,0.98985378003672431
ternary,21.5,2,2,0.98968612140170376
ternary,21.550000000000001,2,2,0.98958491636763746
ternary,21.600000000000001,2,2,0.98955011776590251
ternary,21.650000000000002,2,2,0.98958128777928289
ternary,21.700000000000003,2,2,0.98967760447725395
ternary,21.75,2,2,0.98983786999051282
ternary,21.800000000000001,2,2,0.99006052028963309
ternary,21.850000000000001,2,2,0.99034363653732271
ternary,21.900000000000002,2,2,0.99068495798729084
ternary,21.950000000000003,2,2,0.99108189640492206
ternary,22,2,2,0.99153155198562781
ternary,22.050000000000001,2,2,0.99203073074575765
ternary,22.100000000000001,2,2,0.99257596335812459
ternary,22.150000000000002,2,2,0.99316352539955333
ternary,22.200000000000003,2,2,0.99378945897125492
ternary,22.25,2,2,0.99444959564438618
ternary,22.300000000000001,2,2,0.99513958067286945
ternary,22.350000000000001,2,2,0.99585489840358532
ternary,22.400000000000002,2,2,0.99659089880056528
ternary,22.450000000000003,2,2,0.99734282498503057
ternary,22.5,2,2,0.99810584167733463
ternary,22.550000000000001,2,2,0.99887506441036444
ternary,22.600000000000001,2,2,0.99964558936712622
ternary,22.650000000000002,2,2,1.0004125236784789
ternary,22.700000000000003,2,2,1.0011710160006968
ternary,22.75,2,2,1.0019162871772
ternary,22.800000000000001,2,2,1.0026436607748441
ternary,22.850000000000001,2,2,1.0033485932730399
ternary,22.900000000000002,2,2,1.0040267036741524
ternary,22.950000000000003,2,2,1.0046738022964605
ternary,23,2,2,1.0052859185068639
ternary,23.050000000000001,2,2,1.0058593271497664
ternary,23.100000000000001,2,2,1.0063905734314122
ternary,23.150000000000002,2,2,1.0068764960255565
ternary,23.200000000000003,2,2,1.0073142481767874
ternary,23.25,2,2,1.0077013165920914
ternary,23.300000000000001,2,2,1.0080355379292065
ternary,23.350000000000001,2,2,1.0083151127117904
ternary,23.400000000000002,2,2,1.0085386165260832
ternary,23.450000000000003,2,2,1.008705008381225
ternary,23.5,2,2,1.0088136361451705
ternary,23.550000000000001,2,2,1.0088642389997649
ternary,23.600000000000001,2,2,1.0088569468913373
ternary,23.650000000000002,2,2,1.0087922769865738
ternary,23.700000000000003,2,2,1.0086711271767759
ternary,23.75,2,2,1.0084947667062558
ternary,23.800000000000001,2,2,1.0082648240319778
ternary,23.850000000000001,2,2,1.007983272050988
ternary,23.900000000000002,2,2,1.0076524108592328
ternary,23.950000000000003,2,2,1.0072748482295133
ternary,24,2,2,1.00685347801724
ternary,24.050000000000001,2,2,1.0063914567200185
ternary,24.100000000000001,2,2,1.0058921784307193
ternary,24.150000000000002,2,2,1.0053592484334766
ternary,24.200000000000003,2,2,1.0047964556979911
ternary,24.25,2,2,1.0042077445296878
ternary,24.300000000000001,2,2,1.0035971856318531
ternary,24.350000000000001,2,2,1.0029689468310843
ternary,24.400000000000002,2,2,1.0023272637095417
ternary,24.450000000000003,2,2,1.0016764103769449
ternary,24.5,2,2,1.0010206706023861
ternary,24.550000000000001,2,2,1.0003643095112758
ternary,24.600000000000001,2,2,0.99971154603648349
ternary,24.650000000000002,2,2,0.99906652629544812
ternary,24.700000000000003,2,2,0.99843329804709824
ternary,24.75,2,2,0.99781578636421908
ternary,24.800000000000001,2,2,0.99721777063883188
ternary,24.850000000000001,2,2,0.99664286302047467
ternary,24.900000000000002,2,2,0.99609448837031034
ternary,24.950000000000003,2,2,0.99557586579795698
ternary,25,2,2,0.99508999183301716
ternary,25.050000000000001,2,2,0.99463962526959793
ternary,25.100000000000001,2,2,0.99422727370980091
ternary,25.150000000000002,2,2,0.99385518182118071
ternary,25.200000000000003,2,2,0.99352532131362192
ternary,25.25,2,2,0.99323938263283251
ternary,25.300000000000001,2,2,0.992998768360708
ternary,25.350000000000001,2,2,0.992804588307031
ternary,25.400000000000002,2,2,0.99265765627223168
ternary,25.450000000000003,2,2,0.99255848845711092
ternary,25.5,2,2,0.99250730349233696
ternary,25.550000000000001,2,2,0.99250402405802873
ternary,25.600000000000001,2,2,0.99254828006164741
ternary,25.650000000000002,2,2,0.99263941334056194
ternary,25.700000000000003,2,2,0.99277648385388062
ternary,25.75,2,2,0.99295827732627417
ternary,25.800000000000001,2,2,0.99318331430442086
ternary,25.850000000000001,2,2,0.99344986058425955
ternary,25.900000000000002,2,2,0.99375593896430225
ternary,25.950000000000003,2,2,0.99409934227678465
ternary,26,2,2,0.99447764764431745
ternary,26.050000000000001,2,2,0.99488823190492526
ternary,26.100000000000001,2,2,0.99532828814290708
ternary,26.150000000000002,2,2,0.99579484325683432
ternary,26.200000000000003,2,2,0.99628477648925218
ternary,26.25,2,2,0.99679483883537123
ternary,26.300000000000001,2,2,0.99732167324028553
ternary,26.350000000000001,2,2,0.99786183548619334
ternary,26.400000000000002,2,2,0.99841181566285397
ternary,26.450000000000003,2,2,0.99896806010626304
ternary,26.5,2,2,0.99952699368247178
ternary,26.550000000000001,2,2,1.0000850422857874
ternary,26.600000000000001,2,2,1.0006386554135149
ternary,26.650000000000002,2,2,1.0011843286731175
ternary,26.700000000000003,2,2,1.0017186260724231
ternary,26.75,2,2,1.0022382019394693
ternary,26.800000000000001,2,2,1.0027398223159674
ternary,26.850000000000001,2,2,1.0032203856673316
ternary,26.900000000000002,2,2,1.0036769427529206
ternary,26.950000000000003,2,2,1.0041067155026757
ternary,27,2,2,1.0045071147508018
ternary,27.050000000000001,2,2,1.0048757566835551
ternary,27.100000000000001,2,2,1.0052104778665736
ternary,27.150000000000002,2,2,1.0055093487274698
ternary,27.200000000000003,2,2,1.0057706853814952
ternary,27.25,2,2,1.0059930597018707
ternary,27.300000000000001,2,2,1.0061753075516595
ternary,27.350000000000001,2,2,1.0063165351106291
ternary,27.400000000000002,2,2,1.0064161232481941
ternary,27.450000000000003,2,2,1.0064737299119189
ternary,27.5,2,2,1.0064892905199605
ternary,27.550000000000001,2,2,1.0064630163649151
ternary,27.600000000000001,2,2,1.006395391055465
ternary,27.650000000000002,2,2,1.0062871650407643
ternary,27.700000000000003,2,2,1.0061393482802847
ternary,27.75,2,2,1.0059532011386487
ternary,27.800000000000001,2,2,1.0057302236005197
ternary,27.850000000000001,2,2,1.0054721429147015
ternary,27.900000000000002,2,2,1.0051808997890144
ternary,27.950000000000003,2,2,1.0048586332681437
ternary,28,2,2,1.0045076644353756
ternary,28.050000000000001,2,2,1.0041304790858883
ternary,28.100000000000001,2,2,1.0037297095240454
ternary,28.150000000000002,2,2,1.0033081156399539
ternary,28.200000000000003,2,2,1.0028685654214677
ternary,28.25,2,2,1.0024140150569345
ternary,28.300000000000001,2,2,1.0019474887814375
ternary,28.350000000000001,2,2,1.0014720586151933
ternary,28.400000000000002,2,2,1.0009908241373626
ternary,28.450000000000003,2,2,1.0005068924319274
ternary,28.5,2,2,1.0000233583347622
ternary,28.550000000000001,2,2,0.99954328510271018
ternary,28.600000000000001,2,2,0.99906968561660903
ternary,28.650000000000002,2,2,0.99860550422098149
ternary,28.700000000000003,2,2,0.99815359929367631
ternary,28.75,2,2,0.99771672662932276
ternary,28.800000000000001,2,2,0.99729752371114344
ternary,28.850000000000001,2,2,0.99689849493665816
ternary,28.900000000000002,2,2,0.99652199785414342
ternary,28.950000000000003,2,2,0.99617023045854192
ternary,29,2,2,0.99584521958786154
ternary,29.050000000000001,2,2,0.9955488104540422
ternary,29.100000000000001,2,2,0.99528265733580568
ternary,29.150000000000002,2,2,0.99504821545514266
ternary,29.200000000000003,2,2,0.99484673405382673
ternary,29.25,2,2,0.9946792506816251
ternary,29.300000000000001,2,2,0.99454658670366325
ternary,29.350000000000001,2,2,0.99444934403063068
ternary,29.400000000000002,2,2,0.99438790307210867
ternary,29.450000000000003,2,2,0.99436242191018065
ternary,29.5,2,2,0.9943728366875636
ternary,29.550000000000001,2,2,0.99441886320168138
ternary,29.600000000000001,2,2,0.99449999969331127
ternary,29.650000000000002,2,2,0.99461553081554466
ternary,29.700000000000003,2,2,0.99476453276579957
ternary,29.75,2,2,0.99494587956033831
ternary,29.800000000000001,2,2,0.99515825042719519
ternary,29.850000000000001,2,2,0.99540013828949159
ternary,29.900000000000002,2,2,0.99566985930679675
ternary,29.950000000000003,2,2,0.99596556343744336
ternary,30,2,2,0.99628524597951151
